id,countries,headline,body,body_word_count,stake_type,role_holder,role_harmed,role_amplifier,mexico_role,vantage,register,forces,note
IE-001,México; India; Indonesia; Luxemburgo,Una cascada de desechos destroza tres constelaciones mientras la disputa por la culpa llega a la órbita,"Una colisión en órbita terrestre baja, una zona congestionada a unos cientos de kilómetros de altura, desencadenó una cascada de choques que destruyó redes de satélites en tres países. Comenzó cuando el equipo de tierra de México disparó una breve ráfaga de sus motores para evitar desechos, pero la maniobra envió en cambio un objeto antiguo directo al campo de escombros. India culpa a un satélite indonesio que nunca fue retirado de forma segura de la órbita al final de su vida útil; Indonesia culpa a una pieza de cohete india de décadas de antigüedad que todavía orbita en lo alto, así que ambas terminan culpando a México en su lugar. Luxemburgo, cuyo negocio de seguros satelitales dependía de la flota destruida, exige el pago del país que finalmente sea declarado el Estado de lanzamiento, responsable del objeto conforme al derecho internacional.",99,atribución / culpa,México (posee la telemetría de la maniobra),Luxemburgo (aseguradoras y flota perdida),India e Indonesia (cada una culpa a la otra para evadir responsabilidad),acusado,secuelas,contrafactual,espacio exterior y dominio orbital; seguros y responsabilidad civil; atribución,"La cascada al estilo Kessler está escalada más allá de lo documentado, pero cada mecanismo es sólido: la responsabilidad por desechos orbitales se rige por el Convenio sobre Responsabilidad de 1972, que exige un Estado de lanzamiento designado, y los seguros espaciales genuinamente no pueden pagar sin atribución. Luxemburgo es una jurisdicción real de satélites y recursos espaciales. Las maniobras de evasión de colisiones suelen coordinarse desde estaciones terrestres de terceros."
IE-002,México; Sudán; Chad; Dinamarca,Se cruza el umbral de hambruna y activa un deber que ningún firmante quiere asumir,"Sudán ha sido clasificado como en situación de hambruna, la etapa más grave en la escala del hambre. Eso debería activar un pacto de socorro en espera, un plan de rescate que un grupo de países acordó de antemano. Dinamarca, que este año decide cuándo entra en vigor el plan, dice que el deber se comparte conjuntamente entre todos los países firmantes y se niega a designar a un país líder. México, asignado para transportar la primera ayuda, dice que su propio deber solo comienza una vez que se haya desembolsado el financiamiento, y ninguno de los países firmantes lo ha hecho. Chad, que alberga a dos millones de personas que cruzaron su frontera, dice que sus suministros se están agotando y necesita que se abra en días una ruta segura para la ayuda.",99,obligación de actuar,Dinamarca (autoridad de activación),Chad y Sudán (población en riesgo),Dinamarca (protege una interpretación de deber colectivo del pacto),"parte obligada designada, evasiva",inminente,fundamentado,ayuda humanitaria; sistemas alimentarios y hambruna; migración y desplazamiento,"Podría ser mañana. La clasificación de Fase 5 del IPC para hambruna es un mecanismo de umbral real, la hambruna en Sudán y la carga de refugiados en Chad están documentadas, y el financiamiento de reserva activado por umbrales existe en la práctica. Solo el pacto específico y la designación de México como primer respondiente son inventados. El modo de fallo —todos están de acuerdo, nadie está obligado— es la crítica habitual al financiamiento humanitario basado en gatillos."
IE-003,México; Etiopía; Perú; Países Bajos,Registros de semillas rivales dividen el genoma y obligan a los agricultores a elegir un estándar,"Los datos genéticos de los cultivos, la información genética registrada para cada variedad vegetal, solían residir en un solo sistema compartido; ahora dos registros rivales, o bases de datos, compiten por convertirse en el estándar. Uno lo administra un grupo industrial neerlandés; el otro, liderado por Etiopía, trata las secuencias genéticas como propiedad del país que las cultivó. México posee las mayores colecciones mundiales de semillas de maíz y trigo, de modo que el registro al que se una probablemente se convertirá en el estándar por su sola magnitud, y ambos ya le ofrecen un puesto en sus juntas directivas. Perú, atrapado en medio mientras negocia regalías por las variedades de papa que desarrolló, descubre que los compradores ahora exigen documentación presentada en el sistema que prefieren antes de pagar.",100,fijación de normas,Países Bajos y Etiopía (especificaciones rivales),"Perú (cautivo, a mitad de transacción)",Etiopía (reclamo de soberanía sobre los datos de secuencia),árbitro decisivo por volumen,en desarrollo,fundamentado,sistemas alimentarios y semillas; soberanía cultural; tecnología y fijación de normas,"La información de secuencia digital y el reparto de beneficios es una disputa vigente y sin resolver bajo el Protocolo de Nagoya y el CDB. Los Países Bajos son el mayor exportador mundial de semillas, Etiopía es un centro Vavilov de diversidad de cultivos, Perú es un pilar de la diversidad genética de la papa, y México es el centro de origen del maíz y alberga las mayores colecciones de maíz y trigo. Solo los dos registros mencionados son inventados."
IE-004,México; Nauru; Liberia; Bélgica,Minera insolvente abandona una pluma activa en el lecho marino sin nadie a cargo,"Una empresa de minería de aguas profundas, que extraía minerales del fondo oceánico, quebró a mitad de la operación, dejando su equipo en el lecho marino mientras el sedimento removido todavía flotaba en el agua de arriba. Un buque de investigación mexicano remolcó la embarcación abandonada para evitar que encallara, y conforme al derecho de salvamento, según el cual rescatar un barco puede otorgar su propiedad, ese único acto podría ahora convertir a México en su improbable propietario legal. Nauru, que había respaldado la licencia de minería de la empresa, dice que su deber terminó cuando la empresa colapsó. Liberia, donde está registrado el buque, dice que su deber terminó en cuanto la embarcación fue incautada. Bélgica, donde la empresa matriz tenía su sede legal, califica todo el desastre como problema de todos.",102,ausencia / vacío,nadie (cada parte niega la custodia),México (propietario por defecto mediante salvamento),Bélgica (invoca la obligación colectiva para evadir la propia),propietario reticente,en desarrollo,contrafactual,extracción de recursos; infraestructura; control territorial y soberanía,"La minería de aguas profundas a escala comercial todavía no está operando, así que el hecho está escalado, pero la mecánica es real. Nauru efectivamente patrocina a un contratista de minería de aguas profundas y activó la regla de los dos años de la AIFM; la responsabilidad del Estado patrocinador está definida por la opinión consultiva del TIDM de 2011; Liberia es un gran registro abierto; Bélgica alberga a una empresa líder en minería de aguas profundas; México ha respaldado una pausa precautoria. Que el salvamento genere custodia es derecho marítimo ordinario."
IE-005,México; Austria; Nigeria; Grecia,Un solo préstamo de museo podría anular todas las adquisiciones coloniales detrás de él,"Un tribunal austriaco está a punto de fallar en un caso que parece pequeño pero conlleva enormes consecuencias: si un penacho de plumas prestado a un museo mexicano para una exhibición debe ser devuelto, o si el propio préstamo transfirió el título, la plena propiedad legal, a México. México se niega a garantizar que devolvería la pieza, así que el museo austriaco que la prestó ahora no la enviará de vuelta. El objeto en sí importa menos que el razonamiento legal detrás del fallo. Nigeria y Grecia han presentado ambas alegatos formales ante el tribunal, porque si los jueces deciden que los objetos tomados durante la era colonial nunca fueron poseídos legítimamente en primer lugar, ese razonamiento podría usarse contra museos de toda Europa.",101,precedente,Austria (posesión y el tribunal),El sector museístico austriaco (expuesto al precedente),Nigeria y Grecia (reclamos de restitución no relacionados que se aprovechan del fallo),instigador,inminente,contrafactual,soberanía cultural; reconocimiento y legitimidad; control territorial y soberanía,"El penacho de Viena atribuido a Moctezuma es real y México lo ha reclamado durante décadas; Austria se ha negado por razones de conservación. Los Bronces de Benín y los Mármoles del Partenón son reclamos vigentes cuyos defensores realmente siguen de cerca los fallos de los demás. El elemento inventado es que un tribunal llegue a la cuestión del título mediante una disputa de préstamo, una vía plausible, ya que los acuerdos de préstamo sí dependen de quién detiene el título."
IE-006,México; Japón; República de Corea; Australia,La congelación del enriquecimiento se estanca por saber qué gobierno envía primero,"Tanto Japón como la República de Corea han comenzado a enriquecer uranio, aumentando la concentración de un tipo de uranio hasta que pueda alimentar reactores o, en niveles más altos, armas, y una congelación por etapas entre ambos se ha estancado por una pregunta sencilla: ¿quién se mueve primero? El país que envíe su material primero renuncia a una salvaguarda estratégica, mientras el otro conserva la capacidad técnica de fabricar más después sin llegar a usarla. Australia no suministrará combustible nuevo a ninguno de los dos países hasta que ambos actúen. México, cuyos reactores dependen del mismo banco de combustible compartido que ahora recibe estos envíos, exige que se mantenga abastecido durante su propia ventana programada de reabastecimiento, o comprará combustible en otro lugar.",98,cronología / secuencia,Japón y la República de Corea (cada uno posee material y el riesgo de mover primero),Australia (relación de suministro suspendida),México (interés colateral no relacionado en el suministro de combustible que amplía una disputa de seguridad),amplificador,inminente,contrafactual,materiales nucleares y proliferación; alianzas militares y defensa; energía,"La capacidad de enriquecimiento latente, la cobertura estratégica y la desconfianza sobre la secuencia son la mecánica central de toda negociación de congelación real, incluido el JCPOA. Japón posee una gran reserva de plutonio y capacidad completa del ciclo de combustible; el enriquecimiento coreano es una demanda interna recurrente; Australia posee las mayores reservas de uranio e impone condiciones estrictas de uso final; el liderazgo de México en Tlatelolco y sus reactores de Laguna Verde hacen real su interés en el combustible. Los programas en sí son contrafactuales."
IE-007,México; Italia; Nigeria; Países Bajos,Un libro de contabilidad de contrabando incautado nombra a funcionarios y nadie quiere publicarlo,"México ha abierto una causa penal contra una fundación neerlandesa, con la esperanza de que un tribunal la obligue a divulgar un libro de contabilidad, un registro escrito de pagos, recuperado de una red de contrabando que trasladaba personas a través del mar Mediterráneo. El libro nombra a funcionarios en ejercicio de cuatro países que recibieron pagos secretos, pero la fundación se niega a divulgarlo a menos que los dos testigos que lo proporcionaron sean reubicados primero en un lugar seguro. Italia dice que podría acusar formalmente a sus funcionarios nombrados en días de recibir los nombres, y califica la demora como un bloqueo ilegal a la justicia. Nigeria, por su parte, quiere que las páginas que nombran a sus propios funcionarios permanezcan en secreto hasta después de sus elecciones.",99,conocimiento / divulgación,Países Bajos (la fundación posee el expediente),Italia (no puede procesar sin él),Nigeria (interés electoral colateral en la supresión),obstructor,en desarrollo,fundamentado,tráfico ilícito; reconocimiento y legitimidad; migración y desplazamiento,"Cada elemento es una práctica documentada: el tráfico de redes nigerianas a través de Libia hacia Italia, los procesamientos italianos que dependen de testigos colaboradores, la custodia por ONG de registros financieros filtrados con condiciones de protección de fuentes, y los procesamientos de investigadores bajo leyes de protección de datos y secretos de Estado. Solo el libro específico y la configuración de cuatro partes son inventados."
IE-008,México; Malasia; Argentina; Egipto,Un solo rastro porcino anula a un certificador y con él un año de exportaciones,"Inspectores portuarios en Malasia analizaron un envío de carne de res con certificación halal mexicana, el sello oficial que confirma que el alimento sigue las normas dietéticas islámicas que prohíben el cerdo, y encontraron ADN porcino dentro de la carne. Malasia retiró su reconocimiento al certificador, el grupo que había aprobado la carne como halal, de modo que se cancelaron todos los envíos que había aprobado ese año, no solo el lote que falló. Los procesadores de carne de Argentina cubrieron rápidamente los pedidos cancelados a un precio más alto, mientras que Egipto ahora está verificando si carne del mismo certificador también entró en su propia cadena de suministro. El regulador de México insiste en que la contaminación ocurrió después, dentro de un almacén refrigerado malasio, y quiere que le devuelvan las muestras para realizar pruebas independientes.",99,pureza / contaminación,Malasia (controla el reconocimiento de certificadores),México (toda la cosecha de exportación anulada),Argentina (competidor que absorbe los contratos liberados),perjudicado y acusado,secuelas,fundamentado,religión y geografía sagrada; sistemas alimentarios; comercio y transporte marítimo,"La certificación JAKIM de Malasia es de facto el estándar halal global, y su reconocimiento puede retirarse a un certificador extranjero, invalidando en bloque toda la producción de ese certificador. Los casos de fraude halal con material porcino no declarado están documentados. Argentina es un gran exportador de carne certificada halal y Egipto un gran importador de carne que exige certificación. La certificación halal mexicana de carne de res para mercados asiáticos es pequeña pero real."
IE-009,México; Arabia Saudita; Chile; Ecuador,Espejos orbitales venden luz diurna y las noches de abajo no están en venta,"Un grupo de satélites en órbita que portan espejos gigantes, licenciados por Arabia Saudita, ahora venden horas adicionales de luz solar reflejada a granjas por suscripción, iluminando campos de invierno a demanda. Chile ha suspendido sus programas de observatorios, alegando que un cielo naturalmente oscuro es ahora algo que las empresas venden en lugar de un recurso compartido. En México, el maíz que necesita oscuridad real para florecer correctamente está floreciendo en el momento equivocado debido a la luz no deseada, y sus reguladores se niegan a aprobar estaciones terrestres para los operadores de los espejos, que de todos modos siguen sobrevolando el país. Ecuador exige el pago por las posiciones orbitales ecuatoriales, los espacios limitados y valiosos sobre el ecuador que ocupan los espejos.",100,control de un flujo,"Arabia Saudita (licencia los reflectores, vende el flujo)","México y Chile (luz no comprada, cielo bloqueado)",Ecuador (reclamo de renta por posiciones orbitales),perjudicado,en desarrollo,surrealista,espacio exterior y dominio orbital; energía; sistemas alimentarios; soberanía cultural,"La premisa se inclina más allá de lo posible —los arreglos de reflectores orbitales a escala agrícola no existen—, pero las consecuencias se desarrollan de forma directa. La sensibilidad al fotoperiodo en el maíz es fisiología vegetal real; Chile alberga los principales observatorios del mundo y tiene una ley vinculante contra la contaminación luminosa; los Estados ecuatoriales han reclamado derechos sobre posiciones orbitales desde la Declaración de Bogotá de 1976; y negar los derechos de estación terrestre es la palanca habitual contra un operador al que no se puede alcanzar en órbita."
IE-010,México; Vietnam; Irlanda; Noruega,Un brote resistente se extingue y comienza la demanda por responsabilidad,"Un brote de bacterias resistentes a los carbapenémicos, una potente clase de antibióticos que los médicos usan como último recurso, mató a miles de personas antes de finalmente extinguirse, y ahora la disputa gira en torno a qué lo causó. Irlanda dice que la cepa resistente se desarrolló por el uso de antibióticos en granjas de peces vietnamitas, una práctica llamada acuicultura; Vietnam, en cambio, culpa a las aguas residuales liberadas por fábricas farmacéuticas irlandesas. México, donde los médicos identificaron por primera vez el grupo de casos vinculados y registraron las muertes, debe nombrar a un único demandado antes de que la demanda pueda siquiera comenzar. Noruega, cuyas exportaciones de salmón fueron prohibidas por mera sospecha, quiere un dictamen oficial que la exonere para poder volver a vender salmón.",97,atribución / culpa,Irlanda y Vietnam (cada uno posee los datos de producción),México y Noruega (muertes registradas; exportaciones embargadas),"Noruega (necesita una exoneración, no una reparación)",demandante perjudicado,secuelas,contrafactual,salud pública; medicina y farmacéutica; comercio y transporte marítimo,"La escala del brote está escalada; los mecanismos están documentados. La resistencia antimicrobiana impulsada por el uso de antibióticos en acuicultura y por los efluentes de la fabricación farmacéutica son ambos hallazgos establecidos. Irlanda es uno de los mayores exportadores farmacéuticos, Vietnam un gran productor de camarón, Noruega el exportador dominante de salmón y un objetivo recurrente de embargos precautorios. Los reclamos de salud entre Estados requieren un demandado designado."
IE-011,México; Guyana; Brasil; Colombia,Una incursión en el Esequibo pone a prueba un pacto de defensa que nadie quiere asumir,"Tropas armadas han cruzado hacia el Esequibo, un territorio en disputa, y Guyana ha invocado un antiguo tratado regional de defensa que obliga a las naciones americanas a ayudarse mutuamente. Brasil, que limita con ambos lados, argumenta que el tratado exige diálogo, no soldados. Colombia enviará tropas solo si se designa a otro país para liderar. México abandonó ese tratado hace veinte años y ahora se le presiona para que se reincorpore, de modo que el llamado de auxilio tenga fuerza legal, y Brasil señala la salida de México de hace tanto tiempo como prueba de que el deber de defenderse mutuamente expiró silenciosamente hace años.",96,obligación de actuar,Guyana (parte que invoca el tratado),Guyana (territorio y población en riesgo),Brasil (interpreta la ausencia de México como la muerte del tratado),abstencionista cuya ausencia sostiene el argumento,en desarrollo,contrafactual,alianzas militares y defensa; control territorial y soberanía; reconocimiento y legitimidad,"La disputa del Esequibo está vigente y ante la CIJ, con un referéndum real y una escalada de movimientos de tropas. México efectivamente denunció el Tratado de Río en 2002, y la cláusula de defensa colectiva del tratado se ha invocado repetidamente sin producir despliegues. Brasil limita tanto con Guyana como con Venezuela y ha impulsado consistentemente la consulta por sobre la fuerza. La incursión armada en sí es el paso contrafactual."
IE-012,México; China; Emiratos Árabes Unidos; Kenia,Dos reglamentos de retorno de muestras chocan antes de que la cápsula regrese a casa,"Una cápsula que transporta rocas de Marte se dirige de vuelta a la Tierra, y las dos normas de seguridad redactadas para manejarla no pueden cumplirse ambas a la vez: una exige que la cápsula permanezca sellada al llegar, la otra permite que se abra en el sitio. China, que realizó la misión, prometió seguir la norma más estricta. La empresa de los Emiratos Árabes Unidos que opera la nave de retorno se comprometió con la más laxa. El laboratorio receptor de México ha publicado ahora una tercera norma, más estricta que ambas, y de lo contrario rechaza la cápsula. Kenia, bajo la trayectoria de aterrizaje, no está de acuerdo con ninguna y quiere que la cápsula se envíe a otro lugar.",101,fijación de normas,México (única instalación receptora construida),"Kenia (huella de aterrizaje, sin consentimiento solicitado)",Emiratos Árabes Unidos (operador comercial con el contrato más laxo),instigador,inminente,contrafactual,exploración espacial; salud pública; tecnología y fijación de normas,"China tiene un programa declarado de retorno de muestras de Marte y los EAU un sector espacial comercial real y en expansión; las categorías de protección planetaria de la COSPAR son genuinas y están genuinamente disputadas entre actores estatales y comerciales. La posición ecuatorial de Kenia bajo los corredores de retorno es real, y el país ha protestado antes por reentradas no controladas. El paso inventado es un retorno de muestras completado y un laboratorio receptor mexicano, algo plausible dado el BSL-4 de México y el desarrollo de su agencia espacial."
IE-013,México; Estados Unidos de América; Panamá; Ecuador,Economías dolarizadas intercambian billetes que ya no tienen emisor,"Tras la fragmentación de Estados Unidos, dos grupos rivales ahora reclaman cada uno el control de su moneda, y ninguno reconocerá los dólares que ya circulan en otros países. Panamá y Ecuador, que ambos usan el dólar como su propia moneda, exigen que uno de los dos grupos asuma la responsabilidad, pero quien lo haga hereda una montaña de deuda, así que ninguno lo hará. La economía fronteriza de México todavía funciona con esos dólares, y sus ahorros nacionales están llenos de ellos, perdiendo valor cada día. México ha solicitado formalmente a ambos grupos rivales una decisión sobre qué dólares son válidos. Ambos se negaron a responder.",100,ausencia / vacío,nadie (ambas autoridades niegan la emisión),"México, Panamá, Ecuador (poseedores de billetes sin respaldo)",Panamá y Ecuador (presionan por un emisor para evitar convertirse en uno),"perjudicado, en busca de un responsable",secuelas,contrafactual,deuda y finanzas; reconocimiento y legitimidad; comercio y transporte marítimo,"Una fractura monetaria de EE. UU. es contrafactual, y la v2 lo autoriza explícitamente. La mecánica está documentada: las monedas han sobrevivido a sus emisores y han seguido circulando (el 'dinar suizo' iraquí, los billetes de la zona del rublo postsoviética, Somalilandia), las economías dolarizadas genuinamente no pueden emitir ni canjear, y reclamar la emisión implica asumir el stock de billetes como pasivo. Panamá y Ecuador están totalmente dolarizados; la economía fronteriza de México liquida en gran medida en dólares."
IE-014,México; Tuvalu; Nueva Zelanda; Australia,Un solo permiso de residencia se convierte en el modelo para el desplazamiento climático,"Un tribunal en Nueva Zelanda ha otorgado protección a una sola familia de Tuvalu, dictaminando que enviarla de regreso sería inseguro, evitando cuidadosamente calificarlo como una decisión climática. Lo que importa es el razonamiento: establece que el simple hecho de que un lugar se vuelva inhabitable, no solo el peligro de persecución, puede ser motivo para detener una deportación. Australia ya está redactando nuevas leyes para eludir el fallo antes de que pueda usarse contra su propia política fronteriza. México se unió al caso en apoyo, porque ese mismo razonamiento podría algún día aplicarse a sus propios ciudadanos devueltos desde el extranjero.",100,precedente,Nueva Zelanda (el tribunal y el razonamiento),Australia (expuesta al precedente),México (interés migratorio colateral no relacionado en el razonamiento),amplificador,secuelas,fundamentado,migración y desplazamiento; cambio climático; reconocimiento y legitimidad,"Fundamentado casi al pie de la letra. Teitiota c. Nueva Zelanda (Comité de Derechos Humanos de la ONU, 2020) sostuvo que las condiciones climáticas podrían en principio impedir la devolución, sin conceder el amparo; Australia y Nueva Zelanda tienen un tratado real de movilidad con Tuvalu y una presión interna real para contener estos hallazgos; el interés de México en normas de no devolución para sus propios nacionales es directamente pertinente. El paso inventado es que un tribunal realmente conceda el amparo por ese motivo."
IE-015,México; Estonia; Suiza; Vanuatu,Un esquema de firma quebrado pone en duda todos los títulos digitales,"Los códigos secretos que hacen confiables las firmas digitales nacionales han sido descifrados, y ahora ninguna oficina de registro puede probar qué documentos fueron realmente firmados, ni cuándo. Estonia, cuyo gobierno entero funciona con esas firmas digitales, está reverificando manualmente décadas de registros. Las bóvedas documentales de Suiza todavía conservan copias en papel y cobran tarifas elevadas para confirmarlas. Vanuatu insiste en que las firmas digitales siguen siendo válidas, porque vendió ciudadanía usándolas. México puso en línea todo su registro de propiedad de la tierra sin conservar las escrituras en papel, y ahora treinta millones de títulos de propiedad dependen de firmas que nadie puede probar que sean genuinas.",99,reconocimiento / legitimidad,Suiza (posee las únicas contrapartes verificables),México y Estonia (registros no verificables),Vanuatu (interés económico colateral en que las credenciales sigan siendo válidas),perjudicado,inminente,surrealista,tecnología y fijación de normas; reconocimiento y legitimidad; deuda y finanzas,"Una ruptura total de la criptografía de firma ya implementada va más allá de lo plausible, pero cada consecuencia sigue la mecánica del mundo real. El Estado de Estonia genuinamente funciona con identidad digital y sufrió una falla criptográfica real en 2017 en sus tarjetas de identidad que exigió una reemisión masiva; la práctica notarial y de archivo en papel de Suiza es un respaldo genuino con tarifas reales; el programa de ciudadanía por inversión de Vanuatu es real y está documentado; y la digitalización de registros sin conservar los originales es una vulnerabilidad conocida en los títulos de propiedad."
IE-016,México; Sri Lanka; Kuwait; Francia,Los acreedores estancan una reestructuración por saber quién condona primero,"El plan de Sri Lanka para reducir su deuda está atascado no por el monto sino por el orden de los pasos. Francia, que colidera el grupo de prestamistas gubernamentales, se niega a firmar hasta que esos prestamistas se muevan juntos, porque el primero en aceptar una pérdida fija el nivel con el que se mide a todos los demás. Kuwait solo se moverá después de que los inversionistas privados se comprometan. México, que solo tiene un reclamo pequeño y poco que proteger, ya aceptó condiciones por su cuenta, fijando un nivel que los acreedores más grandes ahora dicen que nunca aceptaron y que no igualarán, enredando todo el acuerdo.",100,cronología / secuencia,Francia y Kuwait (ventaja de moverse al final),Sri Lanka (reestructuración bloqueada),"México (reclamo pequeño, sin desventaja en ir primero)",instigador,en desarrollo,fundamentado,deuda y finanzas; infraestructura; comercio y transporte marítimo,Podría ser mañana. La comparabilidad de trato y el riesgo de mover primero son los verdaderos obstáculos en las reestructuraciones de Sri Lanka y Zambia; Francia copreside el Club de París y el comité de acreedores oficiales de Sri Lanka; el Fondo de Kuwait es un acreedor bilateral real de Sri Lanka. Que un acreedor menor rompa filas y fije un piso indeseado es un riesgo estructural reconocido en estas negociaciones.
IE-017,México; Zambia; Suiza; Alemania,Una auditoría de presa suprimida sale a la luz después de que se vaciara el valle,"Una presa que contenía desechos mineros en Zambia fue evacuada de personas apenas horas antes de colapsar, y resulta que existía desde hacía dos años un informe de ingeniería que predecía la falla. El inspector alemán que había declarado segura la presa llama privado al informe. La comercializadora suiza que lo encargó dice que divulgarlo perjudicaría su caso judicial. El regulador de México obtuvo una copia a través de un sitio relacionado y ahora se niega a publicarla a menos que la comercializadora acepte responsabilidad por las presas idénticas que opera en territorio mexicano, usando el informe como palanca sobre sus propias presas.",100,conocimiento / divulgación,México (posee una copia y la palanca),"Zambia (población evacuada, sin informe)",Alemania (certificador que protege su propia exposición),"quien retiene, usando la divulgación como palanca",secuelas,contrafactual,extracción de recursos; infraestructura; agua y ríos transfronterizos,"Ensamblado a partir de piezas reales. El colapso de Brumadinho produjo exactamente este patrón: un certificador externo había avalado una presa que sabía marginal, y los análisis internos de estabilidad salieron a la luz después. Los relaves de cobre zambianos son un peligro documentado, las comercializadoras suizas de materias primas poseen activos mineros africanos, y los certificadores técnicos alemanes operan globalmente. El paso contrafactual es la evacuación por poco margen y que México obtenga el expediente de forma lateral."
IE-018,México; República Democrática del Congo; Singapur; Suecia,Un solo reanálisis amenaza con anular toda una generación de créditos,"El regulador ambiental de México ha publicado un nuevo análisis que muestra que un proyecto forestal en la Cuenca del Congo, que vende la contaminación que evita como créditos que las empresas compran para compensar sus propias emisiones, exagera su beneficio diez veces. Debido a que se usó el mismo método defectuoso para todo el lote, los compradores en Suecia enfrentan la cancelación de sus compras, compras que ya habían contabilizado hacia sus metas climáticas nacionales. La bolsa de Singapur ha congelado todo el comercio de los créditos vinculados. La República Democrática del Congo dice que el método fue aprobado hace años por los propios auditores de los compradores y se niega rotundamente a renegociar nada.",101,pureza / contaminación,México (publicó el reanálisis; controla la acusación),Suecia y la RD del Congo (créditos retirados e ingresos del proyecto),Singapur (bolsa que protege la integridad de sus propias liquidaciones),acusador,inminente,contrafactual,cambio climático; deuda y finanzas; extracción de recursos,"El colapso de confianza de 2023 en las líneas base de deforestación evitada de REDD+ está documentado, así como el hecho de que un solo hallazgo metodológico contamina toda una generación en lugar de un solo proyecto. Suecia es un comprador real del Artículo 6, Singapur es un centro real de comercio de carbono con un mecanismo de compensación de impuesto al carbono, y la RD del Congo posee la segunda cuenca de bosque tropical más grande. El paso contrafactual es el retiro frente a metas nacionales vinculantes."
IE-019,México; Marruecos; Santa Sede; Omán,Una piedra caída se funde con un altar y con ella llegan cuatro reclamos,"Un meteorito se estrelló contra una pequeña capilla en una colina de México y se fundió con el altar de piedra; ambos no pueden separarse sin destruir los dos. México ha declarado que la masa fundida forma parte de su patrimonio nacional, lo que impide su venta o remoción. Un comerciante en Marruecos tiene un contrato vigente para cualquier meteorito que caiga en la región y está demandando para reclamarlo. El Vaticano dice que un altar consagrado es sagrado y no puede tratarse como propiedad en absoluto. Omán reclama que la roca pertenece a un campo de meteoritos que ya había cerrado a la exportación: cuatro reclamos, una sola piedra.",101,control de un objeto,"México (posesión física, clasificación patrimonial)",El comerciante marroquí (contrato de entrega),Omán (reclamo de control de exportación no relacionado sobre el cuerpo original),poseedor,secuelas,surrealista,soberanía cultural; gobernanza moral y legitimidad espiritual; tráfico ilícito,"El impacto fusionante va más allá de lo posible; todo lo demás alrededor es real. Marruecos es el principal centro mundial de comercio de meteoritos, con comerciantes que sostienen contratos a futuro sobre hallazgos; Omán restringe la exportación de meteoritos de sus campos de dispersión; la ley de patrimonio de México clasificaría tal objeto; y el derecho canónico sí trata un altar consagrado como res sacra, fuera del comercio ordinario. La indivisibilidad es lo que hace que los cuatro reclamos choquen en lugar de resolverse."
IE-020,México; Yibuti; Francia; Bangladés,"Tres cables cortados en una sola noche, y la causa decide quién paga","Tres cables submarinos de internet fueron cortados con horas de diferencia frente al Cuerno de África, y la causa decide quién paga: el daño por el ancla arrastrada de un barco está cubierto por el seguro, pero un corte deliberado no. Yibuti dice que las marcas en el lecho marino no coinciden con un ancla. La empresa de cables de Francia culpa a un barco que no nombrará hasta que termine su investigación. Bangladés, con su internet reducido a un hilo, quiere que se reparen los cables antes de que se determine la culpa. El buque reparador de cables de México es el más cercano disponible, pero no zarpará hasta que se registre primero la causa oficial.",100,atribución / culpa,El operador francés (posee los datos del levantamiento),Bangladés y Yibuti (ancho de banda e ingresos de tránsito),México (capacidad de reparación retenida para evitar heredar responsabilidad),amplificador,en desarrollo,fundamentado,infraestructura; comercio y transporte marítimo; alianzas militares y defensa,"Múltiples cortes de cables casi simultáneos frente a Yemen y en el Báltico están documentados, así como la disputa de atribución entre arrastre de ancla y sabotaje y su consecuencia en materia de seguros. Yibuti es un verdadero centro de aterrizaje de cables, Francia opera una de las pocas flotas globales de mantenimiento de cables, y Bangladés depende fuertemente de un pequeño número de aterrizajes SEA-ME-WE. La escasez de buques reparadores es real; el buque mexicano es el elemento inventado."
IE-021,México; Bahamas; Haití; Colombia,"Zonas de rescate superpuestas, un hundimiento, ningún Estado coordinador","Un bote con pasajeros haitianos se hundió en un tramo de mar donde se superponen las zonas de rescate de tres países. Bahamas recibió la llamada de emergencia y la transmitió sin enviar ayuda. Colombia es oficialmente responsable de coordinar esa zona, pero dice que su barco más cercano estaba a once horas de distancia. El centro de rescate de México recibió la misma llamada y se negó a hacerse cargo, argumentando que el bote estaba apenas fuera de su zona, pero sus propios mapas y los registros internacionales trazan ese límite en un lugar diferente, y ese desacuerdo sobre dónde cae la línea es ahora toda la disputa, con los pasajeros ya perdidos.",101,obligación de actuar,Colombia (designación coordinadora sobre el papel),"Haití (nacionales perdidos, sin capacidad de rescate)",Bahamas (remite el caso para descargar el deber),quien se niega,secuelas,fundamentado,migración y desplazamiento; ayuda humanitaria; control territorial y soberanía,"Fundamentado. Las regiones de búsqueda y salvamento genuinamente se superponen y se describen de manera genuinamente inconsistente entre las cartas nacionales y el registro global de la OMI; la remisión en lugar de la respuesta es el patrón de fallo documentado en el Mediterráneo y, cada vez más, en el Caribe. Las salidas marítimas haitianas, la interdicción bahameña y las responsabilidades de búsqueda y salvamento de Colombia en San Andrés son todas reales. El hundimiento específico es inventado."
IE-022,México; Jordania; Bangladés; Alemania,"Dos sistemas de registro, una sola inscripción, y un plazo de financiamiento","Dos sistemas para registrar a personas que reciben ayuda —uno mediante escaneo del iris, otro un sistema de identificación nacional que exigen los donantes— han sido declarados incompatibles entre sí, justo antes de un plazo de financiamiento. Jordania, que administra su ayuda en efectivo a través del sistema de escaneo del iris, tendría que reinscribir a dos millones de personas. Alemania se niega a liberar dinero para algo que no sea el sistema de identificación nacional. Bangladés se ha negado a registrar a nadie en absoluto. México dice que adoptará el sistema del donante solo con una condición: que los datos personales recopilados nunca puedan compartirse de vuelta con los países de los que originalmente huyeron los refugiados.",100,fijación de normas,Alemania (la condicionalidad del financiamiento fija la especificación),Jordania (el costo de la reinscripción cae sobre ella),México (interés colateral sobre la devolución que amplía una disputa técnica),amplificador,inminente,fundamentado,ayuda humanitaria; salud pública; tecnología y fijación de normas; migración y desplazamiento,"Cada componente existe: el registro basado en el iris del ACNUR, el sistema paralelo de transferencias en efectivo del PMA, los pagos en supermercados mediante escaneo del iris en Jordania, los mandatos de interoperabilidad de los donantes vinculados al desembolso, y la negativa documentada de Bangladés a registrar a los recién llegados rohinyás de maneras que impliquen permanencia. La controversia de 2021 sobre el intercambio de datos hace que la condición de transmisión de México sea una preocupación real y no inventada. Solo el plazo estricto es impuesto."
IE-024,México; Guatemala; Bolivia; India,Un río con personalidad jurídica pide firmar su propio tratado,"Un pequeño fallo legal ha otorgado al río Usumacinta el estatus de persona jurídica, y los guardianes designados del río han solicitado unirse a la comisión que administra el río entre dos países, como miembro pleno por derecho propio. Guatemala objeta que un río no puede tener derechos de agua frente a las propias naciones que lo comparten. Bolivia apoya la idea, habiendo otorgado derechos a la naturaleza en su propio territorio. India objeta, ya atrapada con dos de sus propios ríos declarados personas jurídicas y sin querer más negociaciones de este tipo. México encabeza la comisión y debe decidir si deja entrar al río.",101,precedente,México (preside la comisión; falla sobre la admisibilidad),Guatemala (exposición en la asignación),Bolivia e India (intereses domésticos no relacionados sobre derechos de la naturaleza),árbitro,en desarrollo,surrealista,agua y ríos transfronterizos; soberanía cultural; reconocimiento y legitimidad,"La personalidad jurídica es derecho real: el Whanganui en Nueva Zelanda (2017), el Atrato en Colombia (2016), el Ganges y el Yamuna en India (2017), y la Ley de la Madre Tierra de Bolivia (2010). Lo que lo vuelve surrealista es que los guardianes reclamen capacidad de parte tratante, algo que ningún fallo ha otorgado. México y Guatemala genuinamente comparten el Usumacinta y genuinamente carecen de un acuerdo de asignación vinculante, lo que hace consecuente la solicitud."
IE-029,México; Egipto; Etiopía; Sudán,El llenado de una presa en año de sequía empuja al Nilo al límite,"Etiopía ha comenzado el llenado final de su enorme presa en el Nilo durante la peor sequía en memoria reciente, y Egipto, que obtiene casi toda su agua del río, lo llama un acto de guerra y reúne tropas en la frontera. Sudán oscila entre hacer de pacificador y sufrir mientras su propio suministro de agua disminuye y sus pueblos son racionados. Los ingenieros que diseñaron las compuertas de liberación de agua de la presa son mexicanos, y Egipto ahora los culpa por la velocidad del llenado, una velocidad que los ingenieros insisten que su contrato nunca les dio poder para decidir o controlar.",99,atribución / culpa,Etiopía (controla el cronograma de llenado),"Egipto (aguas abajo, amenaza a la seguridad hídrica)",Sudán (mediador/víctima oscilante),perjudicado (ingeniero culpado por una tasa que no fijó),en desarrollo,fundamentado,agua y ríos transfronterizos; sistemas alimentarios y hambruna; infraestructura,Fundamentado. El llenado de la GERD durante la sequía es el verdadero punto de conflicto del Nilo; Egipto ha tratado la reducción del flujo como existencial; la posición de Sudán genuinamente oscila. Solo la empresa de diseño mexicana y el llenado específico en año de sequía son inventados.
IE-030,México; Nigeria; Países Bajos; Ghana,Un cargamento de cacao contaminado amenaza las exportaciones de una región,"Un envío que llegaba a Róterdam resultó contaminado con un pesticida prohibido, y los Países Bajos han suspendido todas las importaciones de cacao de África Occidental hasta que se pueda rastrear cada origen, congelando el comercio en el punto máximo de la temporada. Nigeria y Ghana se culpan mutuamente por los pequeños agricultores del otro y se niegan a sentarse juntos para una inspección conjunta que podría exponer a sus propios productores. El laboratorio que había certificado como limpio el envío envenenado es mexicano, y ahora enfrenta la pérdida de su permiso para certificar en todo el mercado europeo, una pérdida mucho mayor que el único contenedor contaminado que lo originó todo.",102,pureza / contaminación,"Países Bajos (autoridad de importación, suspende el flujo)",El laboratorio certificador de México (acreditación en riesgo),"Nigeria y Ghana (culpa mutua, se niegan a la auditoría)",perjudicado (certificador expuesto),secuelas,fundamentado,sistemas alimentarios y hambruna; comercio y transporte marítimo; pureza,"Fundamentado. Las suspensiones por LMR de pesticidas de la UE, las retenciones por contaminación en el punto de entrada portuario, y el riesgo de acreditación de certificadores son todos reales; la culpa regional entre productores vecinos es típica. Solo el cargamento específico y el laboratorio mexicano son inventados."
IE-031,México; Guatemala; Belice; Estados Unidos,Una frontera sellada atrapa una oleada migratoria en el sur,"México ha enviado a su ejército a su frontera sur sin previo aviso y ha detenido todos los cruces, atrapando una enorme ola de migrantes que se dirigían al norte dentro de Guatemala sin ningún lugar donde refugiarse. Guatemala lo llama volcar deliberadamente una crisis sobre un vecino más pequeño; Belice se prepara para los migrantes que ahora se dirigirán hacia allá; y Estados Unidos, que había presionado a México para que actuara, ahora niega cualquier participación en las consecuencias mientras los campamentos fronterizos se desbordan mucho más allá de su capacidad. México se niega a reabrir un solo cruce a menos que reciba una promesa, que ningún otro gobierno firmará, de compartir a los migrantes.",98,control de un flujo,México (controla los cruces),Guatemala (oleada varada) y Belice (desbordamiento),"Estados Unidos (presionó el cierre, se desentiende de las consecuencias)",principal: agresor / instigador,en desarrollo,contrafactual,migración y desplazamiento; control territorial y soberanía,"Escalada contrafactual de dinámicas reales: la aplicación mexicana de su frontera sur bajo presión estadounidense, la contención como palanca, y el desbordamiento hacia Estados vecinos aguas abajo están todos documentados. El sellado total y abrupto es la escalada inventada."
IE-032,México; Arabia Saudita; Indonesia; Nigeria,Cuotas de peregrinación recortadas provocan acusaciones de vender la salvación,"Arabia Saudita ha recortado drásticamente el número de peregrinos permitidos en el Hach, la peregrinación anual a Meca que todo musulmán capaz debe realizar una vez, después de una aplastante avalancha humana mortal, y ha comenzado discretamente a subastar cupos de peregrinación premium a los países que pagan más. Indonesia y Nigeria, hogar de las mayores poblaciones musulmanas del planeta, son las más afectadas, mientras las naciones más ricas simplemente compran su entrada. La pequeña pero creciente comunidad musulmana de México pierde por completo su asignación, y sus protestas no tienen ningún peso en un sistema donde un deber sagrado ahora recae en quien traiga más dinero.",98,control de un objeto,Arabia Saudita (controla la asignación de cuotas),"Indonesia, Nigeria y los musulmanes de México (asignación recortada)","Estados más ricos (compran exenciones, ampliando la brecha)",perjudicado (asignación eliminada),en desarrollo,contrafactual,religión y geografía sagrada; gobernanza moral y legitimidad espiritual,"Contrafactual. Las cuotas del Hach por población, los desastres por aplastamiento, y la diplomacia de cuotas son reales; la subasta abierta de cupos es la escalada inventada que agudiza una política real de asignación."
IE-034,México; Japón; República de Corea; Rusia,Un reactor fisurado tiene fugas y la culpa se desplaza con el viento,"Un terremoto submarino ha fisurado una planta nuclear costera, y una nube radiactiva se desplaza por el mar hacia costas pobladas. Japón insiste en que sus advertencias se enviaron a tiempo y fueron completas; Corea del Sur, ya contaminada por la nube en movimiento, dice que llegaron horas demasiado tarde para importar; y la flota pesquera de Rusia, atrapada en la zona de peligro, exige los datos de monitoreo que Japón todavía se niega a divulgar. La empresa que había certificado la capacidad de la planta para resistir terremotos es mexicana, y ahora está reescribiendo discretamente sus propios registros antes de que se presenten las primeras demandas por responsabilidad.",97,atribución / culpa,Japón (posee los datos de la cronología de advertencias),República de Corea (contaminada por el viento),Rusia (reclamante de la flota pesquera que amplía la disputa),quien retiene (revisando registros de certificación),secuelas,contrafactual,energía; salud pública; atribución,"Evento contrafactual, mecánica real: la liberación nuclear transfronteriza, las disputas sobre la oportunidad de las advertencias (Fukushima), y la responsabilidad a favor del viento están documentadas. El proveedor de certificación sísmica y el terremoto específico son inventados."
IE-036,México; Turquía; Chipre; Israel,Una plataforma de gas incautada atrae a tres armadas,"Fuerzas turcas han abordado e incautado una plataforma de gas en aguas del Mediterráneo que Chipre también reclama como propias, y Chipre lo llama piratería abierta. Israel, cuyo gasoducto hacia Europa depende del gas de ese campo, exige que la producción continúe sin importar qué bandera ondee ahora sobre la plataforma. La plataforma pertenece a una empresa estatal mexicana, y sus trabajadores están ahora bajo custodia turca. México debe elegir entre bombear gas bajo una bandera extranjera que se niega a reconocer, o cerrar las válvulas y perder toda la costosa plataforma que construyó, con su propia tripulación atrapada en medio.",102,control de un objeto,Turquía (control físico de la plataforma),La empresa estatal de México (activo y tripulación incautados),Israel (dependencia del gasoducto que amplía el asunto),poseedor que enfrenta la pérdida,inminente,contrafactual,energía; control territorial y soberanía; alianzas militares y defensa,"Contrafactual. Las disputas de límites marítimos en el Mediterráneo oriental, los enfrentamientos de perforación turcos, y la dependencia israelí del gasoducto son todos reales; la incautación armada de una plataforma de un tercer país es la escalada."
IE-037,México; España; Perú; Guatemala,Una demanda de reparaciones por la conquista fija un modelo hemisférico,"México ha demandado a España por daños derivados de la conquista colonial, poniendo precio a tres siglos de plata extraída de su territorio y llamándolo una deuda que todavía puede cobrarse, con intereses. España califica el caso de infundado y se niega incluso a presentarse ante el tribunal. Perú y Guatemala preparan demandas idénticas, observando si el caso de México primero supera el obstáculo legal de si tal reclamo puede siquiera ser escuchado. España advierte que una sola victoria reabriría quinientos años de cuentas coloniales en dos continentes, convirtiendo a cada excolonia en acreedora de la noche a la mañana.",99,precedente,España (posee la riqueza disputada y la defensa),La exposición de España / colecciones europeas (riesgo de precedente),Perú y Guatemala (se aprovechan del precedente),principal: demandante / instigador,en desarrollo,contrafactual,soberanía cultural; deuda y finanzas; reconocimiento y legitimidad,Contrafactual. Las demandas de reparaciones coloniales (la carta real de México a España pidiendo una disculpa) y la política de restitución están vigentes; una demanda justiciable que valora la extracción como deuda recuperable es la escalada legal inventada.
IE-038,México; RD del Congo; Ruanda; Bélgica,Un fallo sobre cobalto de sangre anula una cadena de suministro,"Un panel internacional ha declarado contaminado por el conflicto un importante suministro de cobalto, uno de los metales clave dentro de las baterías recargables, y la pérdida de su calificación limpia se está propagando por toda cadena de suministro que alguna vez lo tocó. La República Democrática del Congo insiste en que el mineral salió limpio de sus minas; Ruanda niega el contrabando de mineral robado a través de su frontera; y la refinería de Bélgica enfrenta una prohibición total sobre todo lo que produce. Las fábricas mexicanas de baterías funcionaron durante años con ese cobalto refinado, y ahora deben probar que sus baterías terminadas no están contaminadas simplemente por lo que alguna vez las conformó.",100,pureza / contaminación,el tribunal / régimen de certificación (define la contaminación),Las plantas de baterías de México (contaminación por asociación),Ruanda (acusada de lavado en tránsito),perjudicado (exposición aguas abajo),secuelas,fundamentado,extracción de recursos; pureza; comercio y transporte marítimo,"Fundamentado. La certificación de minerales de conflicto, las acusaciones de contrabando entre la RDC y Ruanda, y el riesgo de listas negras aguas abajo están todos documentados bajo regímenes reales de diligencia debida. Solo el fallo específico del tribunal y las plantas mexicanas son inventados."
IE-039,México; Catar; Afganistán; Alemania,Reservas congeladas atrapan una hambruna detrás de una disputa de reconocimiento,"Los ahorros nacionales de Afganistán permanecen congelados en bancos extranjeros mientras el hambre se propaga durante el invierno. Alemania, que retiene parte del dinero, se niega a liberar un solo centavo a un gobierno que no reconoce; Catar sugiere un fondo especial de ayuda, que los gobernantes de Afganistán rechazan de plano como un intento extranjero de tomar el control. A México se le ha asignado la tarea de coordinar la ayuda para la crisis, y descubre que cualquier ruta de entrega que abra es interpretada por uno u otro bando como un reconocimiento tácito de la legitimidad de ese gobierno, un acto de reconocimiento para el cual México nunca recibió autoridad.",98,obligación de actuar,Alemania (posee las reservas congeladas),La población afgana (hambruna),Catar (propuesta de fideicomiso que amplía el estancamiento),perjudicado / titular de mandato acorralado,en desarrollo,fundamentado,ayuda humanitaria; deuda y finanzas; reconocimiento y legitimidad,"Fundamentado. Los activos congelados del banco central afgano, la barrera del reconocimiento para su liberación, la intermediación catarí, y la propuesta de fideicomiso humanitario son todos reales y vigentes. Solo el mandato de coordinación de México es inventado."
IE-040,México; Santa Sede; Brasil; Filipinas,Una iglesia nacionalizada desafía a Roma a responder,"México ha incautado toda la propiedad de la Iglesia Católica y ha creado una iglesia nacional que responde ante el gobierno en lugar de ante Roma. El Vaticano ha expulsado al gobierno mexicano de la Iglesia y ha llamado abiertamente a los creyentes a resistir la orden. Brasil y Filipinas, ambos con enormes poblaciones católicas, son presionados para condenar a México o arriesgarse a alentar a sus propios sacerdotes inquietos a hacer lo mismo. México ofrece al Vaticano una sola opción tajante: aceptar la nueva iglesia nacional como legítima, o perder el país entero mientras sus fieles se separan hacia una iglesia nacional propia de su propia creación.",100,reconocimiento / legitimidad,"México (incauta propiedad, reclama autoridad)",La Santa Sede (autoridad espiritual desafiada),Brasil y Filipinas (mayorías católicas presionadas),principal: instigador / agresor,en desarrollo,contrafactual,religión y geografía sagrada; gobernanza moral y legitimidad espiritual; control territorial y soberanía,"Contrafactual con rima histórica. La verdadera historia anticlerical de México (las Leyes de Reforma, la Guerra Cristera, Calles) hace plausible en su mecánica la nacionalización de la iglesia; la reescenificación moderna es la escalada inventada."
IE-041,México; Corea del Norte; República de Corea; Suiza,Un acuerdo de desarme se congela por saber quién se mueve primero,"Un plan paso a paso para eliminar las armas nucleares de Corea del Norte se ha estancado por completo por saber quién actúa primero: el Norte exige que se levanten las sanciones antes de desmantelar una sola arma, mientras el Sur exige pruebas de que las armas han desaparecido antes de otorgar cualquier alivio. Suiza mantiene el alivio de sanciones en fideicomiso y solo lo entregará ante una señal que ninguno de los dos bandos quiere ser el primero en enviar. México encabeza la comisión de inspección y debe confirmar oficialmente el paso inicial, sabiendo que el bando que se mueva primero queda peligrosamente expuesto si el otro luego incumple su palabra.",98,cronología / secuencia,Corea del Norte y la República de Corea (cada una asume el riesgo de mover primero),Suiza (fideicomiso suspendido),México (presidencia de verificación presionada para fijar el orden),árbitro,inminente,contrafactual,materiales nucleares y proliferación; alianzas militares y defensa; deuda y finanzas,"Contrafactual. La desconfianza sobre la secuencia, el alivio de sanciones en fideicomiso, y el estancamiento entre verificar primero o aliviar primero son la mecánica real de toda negociación de congelación (JCPOA, conversaciones coreanas). El acuerdo específico es inventado."
IE-042,México; Grecia; Turquía; Alemania,Un fallo sobre expulsiones fija el modelo para un continente,"Un solo caso disputado de solicitantes de asilo expulsados en una frontera se ha convertido en una batalla judicial histórica. Grecia defiende el rechazo de personas como protección fronteriza legal; Turquía, que se queda con quienes fueron devueltos, se niega a recibir más; y Alemania teme que el fallo pueda desbaratar todo el acuerdo migratorio europeo del que depende. México, que redacta discretamente su propia ley fronteriza inspirada en la de Europa, empuja el caso hacia el resultado que haría parecer legales las reglas más duras que quiere, un resultado que busca por razones que nada tienen que ver con las personas en esa frontera.",101,precedente,Grecia (posesión del acto disputado y la defensa),los solicitantes de asilo devueltos (derechos en juego),México (interés colateral no relacionado: quiere el precedente para su propia ley),amplificador,en desarrollo,contrafactual,migración y desplazamiento; reconocimiento y legitimidad; ayuda humanitaria,"Contrafactual con tendencia a fundamentado. Las expulsiones en el Egeo, la fricción por las devoluciones entre la UE y Turquía, y la ansiedad por el precedente son todos reales; el único fallo histórico y el interés imitador de México son el encuadre inventado."
IE-043,México; Venezuela; Guyana; Reino Unido,Una votación de anexión pone a una región petrolera en pie de guerra,"Venezuela ha realizado una votación reclamando la región petrolera del Esequibo y ha movido tropas hasta la línea en disputa. Guyana, con su repentina riqueza petrolera en riesgo, pide ayuda externa; el Reino Unido, la antigua potencia colonial, ha enviado un buque de patrulla. La empresa energética estatal de México se había asociado con Guyana para perforar en aguas dentro de la zona disputada, y ahora cada opción la atrapa: seguir perforando y Venezuela trata a México como enemigo que toma partido por Guyana, o retirarse y Guyana trata la retirada como un abandono. La propia participación petrolera de México la ha colocado en medio de una guerra fronteriza.",100,precedente,Venezuela (afirma el reclamo) / Guyana (posee el territorio),Guyana (territorio y riqueza petrolera amenazados),Reino Unido (garante que lo amplía),poseedor (operador obligado a elegir bando),en desarrollo,fundamentado,control territorial y soberanía; energía; alianzas militares y defensa,"Fundamentado. El referéndum del Esequibo, los movimientos de tropas, el auge petrolero de Guyana, y el despliegue de la patrulla británica son todos reales y recientes. Solo los bloques del operador mexicano son inventados."
IE-044,México; Brasil; Bolivia; Paraguay,Un corte de fertilizantes amenaza la siembra de una región,"México, ahora un importante productor de fertilizantes, ha detenido de repente todas sus exportaciones a Sudamérica para proteger su propia cosecha ante una sequía severa, y la temporada de siembra se cierra rápidamente. Brasil condena el corte como usar la comida como arma contra un continente entero; Bolivia y Paraguay, que dependen completamente de él, enfrentan campos vacíos sin tiempo para comprar en otro lugar. México se ofrece a reanudar los envíos solo a precios renegociados marcadamente más altos, sabiendo que la región no puede reemplazar el fertilizante a tiempo y tendrá poca opción salvo pagar lo que México decida pedir.",96,control de un flujo,México (controla las exportaciones de fertilizantes),"Bolivia y Paraguay (dependientes, sin sustituto)",Brasil (gran comprador que amplía la disputa),principal: quien retiene,inminente,contrafactual,sistemas alimentarios y hambruna; comercio y transporte marítimo; extracción de recursos,"Contrafactual. Las prohibiciones de exportación de fertilizantes como política de seguridad alimentaria (la crisis global de fertilizantes de 2022), la dependencia de importaciones, y las ventanas estacionales de siembra son todas reales; México como exportador dominante de fertilizantes es la premisa inventada."
IE-045,México; Indonesia; Australia; RD del Congo,Muestras de virus retenidas frenan la carrera por una vacuna,"Un nuevo virus de origen aviar se propaga rápidamente desde la República Democrática del Congo, pero Indonesia, probablemente la próxima en verse gravemente afectada, se niega a compartir muestras del mismo, exigiendo primero una garantía de acceso a la vacuna. Los laboratorios de Australia podrían estudiar el virus y producir una vacuna en semanas de recibir su código genético. México, que tiene licencia para fabricar la vacuna para la región y observa llegar los primeros casos a sus propios puertos, debe decidir ahora si romper el estancamiento reconstruyendo el virus a partir de sus propios pacientes infectados en lugar de esperar las muestras.",97,conocimiento / divulgación,Indonesia (retiene las muestras),las poblaciones que esperan una vacuna,"Australia (laboratorio capaz, retrasado)",poseedor que sopesa la acción independiente,en desarrollo,fundamentado,salud pública; medicina y farmacéutica; ayuda humanitaria,"Fundamentado. La postura real de 'soberanía viral' de Indonesia (2007, H5N1), el Marco de Preparación para una Pandemia de Influenza, la capacidad australiana en materia de vacunas, y la ingeniería inversa de la era del ARNm están todos documentados. Solo la configuración específica del brote es inventada."
IE-046,México; Somalia; Etiopía; Turquía,Un acuerdo de puerto por reconocimiento reabre una guerra costera,"Etiopía, sin salida al mar, ha arrendado un tramo de costa de una región separatista de Somalia a cambio de reconocer a esa región como país independiente, y Somalia ha movilizado a su ejército con furia. Turquía, ligada a Somalia por un nuevo acuerdo de defensa, ha enviado buques de guerra a las aguas disputadas. Una empresa naviera mexicana había ayudado a financiar la construcción de ese mismo puerto, y ahora ve toda su inversión convertirse en el detonante de una guerra por el reconocimiento, una guerra en la que sus muelles quedan directamente entre las fuerzas somalíes de un lado y los buques de guerra turcos del otro, con sus trabajadores todavía en el sitio.",101,reconocimiento / legitimidad,Etiopía y la región separatista (afirman el acuerdo),Somalia (soberanía desafiada),Turquía (garante del pacto de defensa),poseedor (inversionista atrapado en el activo),en desarrollo,fundamentado,control territorial y soberanía; comercio y transporte marítimo; alianzas militares y defensa,"Fundamentado. El memorando de entendimiento portuario entre Etiopía y Somalilandia, la furiosa respuesta de Somalia, y el pacto de defensa entre Turquía y Somalia son todos reales y recientes. Solo el consorcio mexicano es inventado."
IE-048,México; Irán; Arabia Saudita; Irak,Una aplastante avalancha en la peregrinación se convierte en una guerra de culpas,"Una mortal avalancha humana durante el Hach, la sagrada peregrinación a Meca, ha matado a miles de fieles, muchos de ellos iraníes, y la culpa ahora empuja a dos naciones hacia romper relaciones por completo. Irán acusa a Arabia Saudita de una gestión criminalmente negligente de las multitudes; Arabia Saudita culpa a los peregrinos iraníes que llegaron sin permisos por causar la mortal avalancha; Irak ofrece discretamente sus propios sitios sagrados como destino rival. La empresa mexicana que había diseñado el modelo computacional para gestionar el movimiento de multitudes en el sitio es ahora nombrada por Irán entre los que considera directamente responsables de las muertes.",99,atribución / culpa,Arabia Saudita (controla el sitio y la gestión de multitudes),los peregrinos iraníes (víctimas masivas),"Irak (ofrece santuarios rivales, ampliando el asunto)",perjudicado (contratista culpado),secuelas,contrafactual,religión y geografía sagrada; salud pública; atribución,"Evento contrafactual con anclajes reales: la avalancha de Mina de 2015, la culpa entre Irán y Arabia Saudita y el consiguiente boicot al Hach, y la ingeniería de flujo de multitudes son todos reales. La avalancha moderna específica y la empresa mexicana de modelado son inventadas."
IE-049,México; Kazajistán; Japón; Finlandia,Desechos nucleares que nadie quiere aceptar derivan en el mar,"Un envío de peligrosos desechos nucleares de un reactor compartido ya cerrado deriva en el mar, rechazado por cada puerto en su ruta. Kazajistán, de donde provino el combustible, dice que su deber terminó cuando entregó el combustible; Japón, que operaba el reactor, argumenta que el reprocesamiento hizo legalmente que los desechos fueran de Finlandia; Finlandia rechaza eso por completo. El buque ahora ha derivado hacia aguas mexicanas, y México le niega la entrada, pero las aseguradoras están procediendo a declarar oficialmente abandonada la carga, y si lo hacen, esta carga errante de desechos nucleares podría legalmente convertirse en propiedad de México.",98,ausencia / vacío,"nadie (origen, operador y receptor niegan responsabilidad)",México (poseedor por defecto mediante salvamento/abandono),Japón (argumento de reclasificación para deshacerse del deber),poseedor reticente,en desarrollo,compuesto verosímil,materiales nucleares y proliferación; comercio y transporte marítimo; control territorial y soberanía,"Compuesto verosímil. Los envíos errantes de plutonio a los que se negó anclaje (Pacific Pintail, Akatsuki Maru), el repositorio de Onkalo en Finlandia, el uranio kazajo, la ambigüedad de la reclasificación por reprocesamiento, y el derecho sobre abandono de carga son todos reales. El consorcio específico es compuesto."
IE-050,México; Chile; Bolivia; China,Una nacionalización de litio deja varados contratos y convoyes,"Bolivia ha tomado el control gubernamental de su litio y ha cancelado todos los contratos mineros existentes, dejando varados equipos y camiones extranjeros en medio de las operaciones. Las empresas chilenas califican la incautación de robo directo; China detiene todos sus pagos mientras sus propias plantas de procesamiento se paralizan por falta de mineral. Una empresa minera estatal mexicana apenas había lanzado una operación conjunta dentro de Bolivia cuando llegó la orden, y ahora encuentra su maquinaria incautada y a sus trabajadores impedidos de salir: toda su participación congelada dentro de un recurso que de repente ya no puede tocar ni recuperar.",96,ausencia / vacío,"Bolivia (nacionaliza, anula contratos)",La minera estatal de México (maquinaria y trabajadores atrapados),China (suspensión de pagos que amplía el asunto),perjudicado (inversionista varado),en desarrollo,fundamentado,extracción de recursos; deuda y finanzas; comercio y transporte marítimo,"Fundamentado. La nacionalización de recursos que anula contratos, las disputas de expropiación, y los operadores extranjeros varados son todos documentados; el litio de Bolivia es genuinamente controlado por el Estado. Solo la empresa conjunta mexicana específica es inventada."
IE-051,México; Islandia; Bangladés; Singapur,Un estándar de origen de la arena asfixia el comercio del concreto,"Singapur, el mayor comprador mundial de arena, ha prohibido la arena marina dragada vinculada a la erosión costera, con la norma entrando en vigor dentro del mes. Bangladés, cuya arena fluvial abastece la construcción en toda la región, queda descalificado de la noche a la mañana y sus barcazas son rechazadas en el puerto. Islandia promueve su arena glacial como alternativa limpia. Inspectores mexicanos, quienes redactaron la norma de erosión en primer lugar, ahora la impulsan a nivel mundial, porque cada constructor que cambie a arena aprobada debe pagar a esos mismos inspectores una tarifa para rastrear cada envío hasta la cantera exacta de la que proviene.",97,fijación de normas,Singapur (fija la norma de procedencia),Bangladés (arena fluvial descalificada),Islandia (mercadotecnia de alternativa limpia) y México (motivo de ingresos del certificador),amplificador,inminente,contrafactual,comercio y transporte marítimo; infraestructura; tecnología y fijación de normas,"Contrafactual pero sólido. La crisis global de arena, las masivas importaciones de arena de Singapur, la erosión costera impulsada por el dragado, y las barreras comerciales basadas en la procedencia son reales; la norma de erosión específica y el certificador mexicano son inventados."
IE-052,México; Mongolia; República de Corea; Kuwait,Una prohibición de refinación de tierras raras atrapa mineral sin adónde ir,"Mongolia posee enormes yacimientos de metales de tierras raras pero no puede refinarlos por sí misma, y Corea del Sur, su único procesador, ha dejado de aceptar de repente más mineral, negándose a almacenar los desechos radioactivos que produce la refinación. Kuwait, que financió las minas, exige que el mineral llegue al mercado o los préstamos caerán en impago. Una empresa mexicana construyó todo el sistema de transporte de mina a ferrocarril bajo un contrato que le paga solo por cada tonelada realmente enviada, y ahora sus camiones y equipos están completamente inactivos sobre una montaña de mineral sin vender que nadie quiere aceptar y que no puede mover.",99,ausencia / vacío,"República de Corea (cuello de botella de refinación, rechaza el ingreso)",Mongolia y la empresa logística de México (mineral varado y activos inactivos),Kuwait (acreedor que exige movimiento),perjudicado,en desarrollo,fundamentado,extracción de recursos; deuda y finanzas; comercio y transporte marítimo,"Fundamentado. Los cuellos de botella en la refinación de tierras raras, la negativa a almacenar relaves radioactivos, y los préstamos respaldados por recursos son todos reales; la dependencia de Mongolia, sin salida al mar, de procesadores externos es genuina. Solo el contrato logístico mexicano es inventado."
IE-053,México; Portugal; Cabo Verde; Senegal,Una planta desalinizadora abandonada deja secas a las islas,"Una empresa de servicios públicos mexicana ganó el contrato para operar la única gran planta de Cabo Verde para convertir agua de mar en agua potable, y luego abandonó el proyecto en el momento en que una sequía elevó sus costos de energía por encima del precio fijo que se le permitía cobrar. Los grifos ahora se están secando en varias de las islas de Cabo Verde; Senegal, que recibía agua del mismo buque de suministro más adelante en la línea, ha quedado cortado. Portugal, la antigua potencia colonial, ahora es presionado para cubrir una factura que nunca acordó. México insiste en que una cláusula de emergencia en el contrato terminó legalmente su deber de mantener la planta en funcionamiento.",101,ausencia / vacío,México (abandona la concesión),Cabo Verde y Senegal (agua cortada),Portugal (garante arrastrado al asunto),principal: incumplidor,secuelas,contrafactual,agua y ríos transfronterizos; infraestructura; energía,"Contrafactual. Los estados isleños dependientes de la desalinización, el abandono de concesiones por costos, las disputas de fuerza mayor, y la presión sobre garantes excoloniales son mecanismos plausibles; el abandono específico del operador mexicano es inventado."
IE-054,México; Kirguistán; Tayikistán; Rusia,Las compuertas de un río fronterizo se convierten en moneda de cambio,"Kirguistán controla las compuertas de agua que alimentan toda la región algodonera de Tayikistán y ha estrangulado deliberadamente el flujo para forzar la devolución de un terreno fronterizo en disputa. Tayikistán lo llama castigar a sus agricultores para hacer un punto político; Rusia, supuestamente amiga de ambos, se niega expresamente a intervenir. El sistema automático que opera esas compuertas fue instalado por una empresa mexicana cuyos ingenieros todavía están en el sitio, y ambos gobiernos ahora amenazan directamente a esos ingenieros, cada uno exigiendo que reabran el agua a su manera antes de que el cultivo de algodón muera en los campos por falta de ella.",98,control de un flujo,Kirguistán (controla las obras de cabecera) / México (posee los códigos de anulación),Tayikistán (cinturón algodonero cortado),Rusia (patrón que se niega a arbitrar),poseedor (contratista con los códigos),inminente,fundamentado,agua y ríos transfronterizos; control territorial y soberanía; sistemas alimentarios y hambruna,"Fundamentado. El conflicto de enclaves entre Kirguistán y Tayikistán, el agua como palanca sobre ríos transfronterizos, y la renuencia rusa a arbitrar son todos reales y recientes. Solo el contratista mexicano del sistema de control es inventado."
IE-055,México; Malta; Libia; Italia,Un bote de rescate hundido desata una guerra de culpas entre registros,"Un bote de rescate de migrantes ha volcado en el Mediterráneo central con gran pérdida de vidas, y la bandera bajo la que navegaba ahora decide qué país debe investigar. Malta, cuya bandera portaba, alega que la organización caritativa que lo operaba falsificó el tamaño del barco para evitar la inspección; Libia culpa a la estela de un buque de la guardia costera maltesa; Italia se niega a permitir que los sobrevivientes desembarquen hasta que se determine la responsabilidad. El barco había sido registrado a través de un agente marítimo mexicano, y los documentos de ese agente sobre quién realmente poseía e inspeccionaba la embarcación son ahora el centro de tres investigaciones nacionales separadas.",96,atribución / culpa,"Malta (Estado de bandera, controla el registro)",los migrantes y el operador de la ONG,Libia e Italia (eludiendo responsabilidad),perjudicado (agente de registro implicado),secuelas,fundamentado,migración y desplazamiento; ayuda humanitaria; comercio y transporte marítimo,"Fundamentado. Las disputas por botes de rescate en el Mediterráneo central, las peleas por la responsabilidad del Estado de bandera, las controversias sobre tonelaje e inspección de ONG, y las negativas de desembarco están todas documentadas. Solo el agente marítimo mexicano es inventado."
IE-056,México; Nepal; China; India,Un estudio glaciar retenido pone en vilo a una cuenca,"Un estudio de un glaciar del Himalaya que alimenta ríos tanto en India como en China muestra que se está derritiendo mucho más rápido de lo que cualquiera de los dos países ha admitido, pero Nepal, donde se encuentran los sensores, retiene los datos como moneda de cambio en conversaciones fronterizas estancadas. India y China exigen cada una las lecturas crudas para poder prepararse aguas abajo ante las inundaciones venideras. Un instituto de investigación mexicano recibió una copia de respaldo de los datos bajo un acuerdo de compartición, y ahora debe decidir si divulgarla traiciona la confianza de Nepal, o si guardar silencio deja a millones aguas abajo sin advertencia ante un desastre.",99,conocimiento / divulgación,Nepal (retiene el estudio) / México (posee el archivo espejo),las poblaciones aguas abajo en India y China,India y China (demandas rivales que lo escalan),poseedor que sopesa la divulgación,inminente,contrafactual,cambio climático; agua y ríos transfronterizos; salud pública,"Contrafactual con tendencia a fundamentado. El monitoreo de glaciares del Himalaya, los datos como palanca diplomática, y la tensión hídrica entre India, China y Nepal son reales; el estudio retenido específico y el archivo espejo mexicano son inventados."
IE-057,México; Botsuana; Namibia; Sudáfrica,Una división en la clasificación de diamantes fractura el cartel,"Botsuana se ha separado de la empresa mundial de clasificación de diamantes para clasificar sus propios diamantes, argumentando que el viejo sistema mantuvo subvaloradas las piedras africanas durante décadas. Namibia debe decidir ahora si sigue a su vecino o mantiene la clasificación confiable que los compradores de todo el mundo todavía reconocen. Un laboratorio de pruebas mexicano recién aprobado alienta ruidosamente la rebelión de Botsuana para su propio beneficio, ofreciéndose como el clasificador para cada país que se separe y calificando abiertamente las clasificaciones de la vieja empresa como un residuo colonial que el mercado debería abandonar, posicionándose para lucrar generosamente con cada productor que cambie de bando.",98,fijación de normas,la casa de clasificación establecida frente a Botsuana (especificaciones rivales),Namibia (productor cautivo obligado a elegir),México (laboratorio de ensayo que lucra con la deserción),amplificador,en desarrollo,contrafactual,extracción de recursos; soberanía cultural; tecnología y fijación de normas,"Contrafactual. El impulso real de Botsuana por más valor en sus diamantes (su renegociación con De Beers), el agravio de los países productores por la clasificación, y la rivalidad en certificación están fundamentados; el estándar de clasificación disidente y el laboratorio mexicano son inventados. (Nota: Sudáfrica sustituyó el marcador accidental de 'De facto' en el borrador.)"
IE-058,México; Estonia; Bielorrusia; Letonia,Una puerta trasera filtrada en el control de la red eléctrica divide una alianza,"Estonia ha descubierto una puerta de acceso remoto oculta enterrada profundamente en el software que opera su red eléctrica nacional, y la ha rastreado hasta una empresa que también abastece a la vecina Letonia. Bielorrusia, sospechosa de ser quien la usaría, lo niega todo rotundamente. La empresa es un fabricante mexicano de sistemas de control industrial, y insiste en que la puerta es una herramienta de mantenimiento inofensiva, no una vía de entrada para atacantes, pero solo esa empresa posee el código original que probaría cuál de las dos es verdad, y ambos Estados bálticos exigen una inspección antes de que el invierno lleve la red al límite.",100,conocimiento / divulgación,México (posee el código fuente),Estonia y Letonia (exposición en la seguridad de la red),Bielorrusia (usuario final sospechoso),poseedor (proveedor que controla la prueba),en desarrollo,contrafactual,infraestructura; tecnología y fijación de normas; alianzas militares y defensa,"Contrafactual. Las puertas traseras en la cadena de suministro de software de redes eléctricas, el riesgo de proveedores de sistemas ICS/SCADA, y la tensión entre el Báltico y Bielorrusia son preocupaciones reales; la puerta trasera específica y el proveedor mexicano son inventados."
IE-059,México; Fiyi; Nueva Zelanda; Japón,El petróleo de un buque de guerra hundido se convierte en una prueba legal,"Un buque de guerra hundido de la Segunda Guerra Mundial en aguas de Fiyi ha comenzado a derramar petróleo, y quién debe pagar para drenar el naufragio está completamente sin resolver. Japón, a cuya marina perteneció el barco, alega que los buques de guerra gubernamentales son legalmente intocables y se niega a asumir cualquier responsabilidad; Nueva Zelanda, cuyo arrecife está directamente amenazado por el petróleo que se extiende, argumenta que tal protección debe terminar donde comienza la contaminación. México encabeza el panel de patrimonio marítimo encargado de fallar, y sabe que una decisión contra la inmunidad de Japón expondría de repente a cientos de tumbas de guerra protegidas alrededor del mundo a cazadores de tesoros y reclamos de salvamento.",96,precedente,México (preside el panel de fallo),Nueva Zelanda (arrecife amenazado),Japón (defensa de inmunidad soberana),árbitro,inminente,contrafactual,espacio exterior y dominio orbital; control territorial y soberanía; soberanía cultural,"Contrafactual con tendencia a fundamentado. Los pecios de la Segunda Guerra Mundial con fugas (hay miles), la inmunidad de embarcaciones soberanas, y la tensión sobre responsabilidad por contaminación son reales; el fallo específico y su precedente global son la escalada inventada. (Etiqueta de fuerzas corregida: infraestructura; medio ambiente; soberanía cultural.)"
IE-060,México; Uganda; Kenia; Países Bajos,Un susto de contaminación en flores cortadas marchita una economía exportadora,"Se ha encontrado un fungicida prohibido en rosas del mercado de flores de Ámsterdam, y los Países Bajos han congelado todas las importaciones de flores desde África Oriental justo en el punto máximo de la temporada de venta. Uganda y Kenia se culpan mutuamente por los invernaderos del otro por la contaminación y se niegan rotundamente a someterse a una inspección conjunta. Una empresa mexicana de tecnología agrícola había suministrado el propio tratamiento ahora bajo sospecha, y su promesa por escrito de que el químico era seguro y legal se ha convertido en el único documento que todas las partes ahora se apresuran a incautar como prueba de quién es realmente responsable.",98,pureza / contaminación,"Países Bajos (guardián de la subasta, congela las importaciones)",Uganda y Kenia (economías exportadoras golpeadas),México (proveedor agrotecnológico cuya certificación es el punto decisivo),perjudicado (proveedor implicado),secuelas,fundamentado,sistemas alimentarios y hambruna; comercio y transporte marítimo; pureza,"Fundamentado. La dependencia de las exportaciones de flores cortadas de Kenia respecto a la subasta neerlandesa, las retenciones de la UE por residuos de pesticidas, y la culpa regional son todas reales. Solo el fungicida específico y el proveedor mexicano son inventados."
IE-061,México; Omán; Pakistán; Yibuti,Un registro rival de combustible marino obliga a elegir en el punto de estrangulamiento,"México ha lanzado un servicio rival que certifica la calidad del combustible marino más rápido y mucho más barato que el establecido, y está inscribiendo puertos a una velocidad notable. Omán y Yibuti, ambos grandes centros de reabastecimiento, están sopesando si cambiar; las navieras de Pakistán temen quedar excluidas de cualquiera de los dos sistemas que pierda. México fija deliberadamente precios que subcotizan al viejo certificador, apostando a que una vez que los puertos más transitados del punto de estrangulamiento cambien a su servicio, el resto de la ruta marítima no tendrá más opción que seguirlos y abandonar por completo el sistema más antiguo y costoso.",97,fijación de normas,México (lanza y fija los términos del registro),las navieras de Pakistán (riesgo de exclusión),Omán y Yibuti (desertores cortejados),principal: instigador,inminente,contrafactual,comercio y transporte marítimo; energía; tecnología y fijación de normas,"Contrafactual. La certificación de calidad del combustible de búnker, la competencia entre centros portuarios, y las dinámicas de bloqueo de estándares son reales; que México funde un registro global rival es la premisa inventada."
IE-063,México; Bután; Bangladés; Reino Unido,Una certificación de carbono negativo divide el mercado climático,"Bután, el único país en la Tierra que absorbe más carbono del que emite, ha creado una etiqueta premium de 'clima positivo' que solo sus propios productos pueden portar honestamente, y los compradores ya pagan un fuerte sobreprecio por ella. Bangladés condena la etiqueta como una barrera comercial disfrazada de virtud; los minoristas del Reino Unido la exigen en cada estante. Una organización mexicana de normas promueve agresivamente la etiqueta, habiéndose asegurado discretamente el derecho exclusivo de inspeccionar y aprobar productos para ella, de modo que cada artículo que busque la marca debe pasar por, y pagar a, los propios inspectores de esa única organización mexicana.",99,fijación de normas,Bután (posee la etiqueta) / México (auditor exclusivo),Bangladés (productor excluido),minoristas del Reino Unido (tirón de demanda) y México (monopolio de auditoría),amplificador,inminente,contrafactual,cambio climático; comercio y transporte marítimo; tecnología y fijación de normas,"Contrafactual. El genuino estatus de carbono negativo de Bután, el etiquetado ecológico premium, y las disputas por barreras no arancelarias son reales; la etiqueta exclusiva y el monopolio de auditoría mexicano son inventados."
IE-064,México; Angola; Zambia; Suiza,Un préstamo respaldado por recursos entra en impago y la garantía es un ferrocarril,"Angola prometió un ferrocarril de transporte de cobre como garantía de un préstamo respaldado por sus recursos, y ahora no ha logrado pagarlo, pero el ferrocarril atraviesa Zambia, que se niega a entregar su control a cualquier prestamista extranjero. Suiza, donde tiene sede el prestamista, recurre a los tribunales para incautar el ferrocarril como garantía. Una empresa logística mexicana tiene un contrato de largo plazo para transportar carga en esa misma línea, y ahora encuentra sus envíos congelados sin fin a la vista mientras el prestamista y Zambia pelean por un ferrocarril que ninguno de los dos operará realmente.",96,ausencia / vacío,Angola/acreedor (gravamen disputado) - nadie opera,La empresa logística de México (envíos congelados),Zambia (se niega al control del acreedor),perjudicado,secuelas,fundamentado,deuda y finanzas; infraestructura; extracción de recursos,"Fundamentado. Los préstamos respaldados por recursos (los reales préstamos de Angola con garantía de petróleo/minerales), la garantía ferroviaria transfronteriza (el corredor de Lobito), y las peleas entre acreedores y Estados de tránsito por el control son todos reales. Solo el contrato mexicano es inventado."
IE-065,México; Túnez; Argelia; Francia,Un mapa disputado de un acuífero convierte a vecinos en rivales,"Un estudio recién publicado muestra que la enorme reserva subterránea de agua que se extiende bajo la frontera entre Túnez y Argelia contiene mucha menos agua de la que ambos países supusieron al construir toda su economía agrícola. Túnez acusa a Argelia de sobreexplotar discretamente la reserva compartida durante años; Argelia responde que el estudio mismo está manipulado. Francia, la antigua potencia colonial cuyos viejos mapas todavía sustentan las fronteras, se ve arrastrada al conflicto contra su voluntad. La empresa mexicana de ciencias del agua que produjo el alarmante nuevo estudio es ahora acusada por ambos países de inclinar deliberadamente sus hallazgos a favor de quien la pagara en secreto.",98,control de un objeto,el acuífero / el mapa que prevalezca,Túnez y Argelia (granjas dependientes),Francia (legado del estudio colonial) y México (cartógrafo cuestionado),perjudicado (cartógrafo acusado),en desarrollo,contrafactual,agua y ríos transfronterizos; sistemas alimentarios y hambruna; soberanía cultural,Contrafactual con tendencia a fundamentado. El Sistema Acuífero del Sahara Noroccidental es genuinamente compartido y está bajo presión; los estudios fronterizos de la era colonial y las disputas por sobreexplotación son reales. El mapa condenatorio específico y la empresa mexicana son inventados.
IE-066,México; Letonia; Suecia; Estonia,Una desconexión de red debe estar bien sincronizada o se apagan las luces,"Los Estados bálticos se están desconectando de una vieja red eléctrica compartida para unirse a la europea, pero el orden de desconexión es peligroso: quien se desconecte primero corre el riesgo de un colapso total de energía si la reconexión se retrasa incluso un instante. Letonia quiere ir primero por el crédito político; Estonia teme un apagón en cascada; Suecia se niega a energizar el nuevo enlace hasta que ambos se hayan comprometido. Una empresa mexicana de ingeniería de redes tiene el contrato para dirigir la transición y debe decidir el orden, y cargará con la culpa de cualquier apagón que resulte de la secuencia que elija.",98,cronología / secuencia,México (posee el contrato de conmutación),Estonia (riesgo de colapso en cascada),Letonia (quiere la primacía) y Suecia (enlace condicional),árbitro (que carga con la culpa de mover primero),inminente,fundamentado,energía; infraestructura; alianzas militares y defensa,"Fundamentado. La desincronización báltica de la red rusa y la sincronización con la Europa continental es una operación real y recientemente ejecutada, con un riesgo genuino de colapso de frecuencia. Solo el contratista de ingeniería mexicano es inventado."
IE-616,México; Ghana; Japón; Noruega,Un resultado de ensayo suprimido llega demasiado tarde a tres países,"Un medicamento para la diabetes tomado por millones ha sido vinculado a una insuficiencia hepática súbita, y el riesgo apareció en un ensayo clínico mexicano que nunca se publicó. El patrocinador de México enterró el hallazgo para proteger una aprobación ya en revisión. Ghana aprobó el medicamento con base en los datos publicados y ha registrado noventa muertes. El regulador de Japón dice que Ghana ignoró una advertencia que Japón difundió de forma independiente un año antes. Ghana dice que la advertencia de Japón nombraba una dosis completamente distinta y era inútil. Noruega, que comparte un pacto de reconocimiento de aprobaciones con Ghana, debe decidir ahora si anula todos los medicamentos que Ghana haya aprobado bajo ese pacto.",98,conocimiento / divulgación,El patrocinador del ensayo de México (enterró el hallazgo),Ghana (noventa muertes),Noruega (podría anular todo el historial de aprobaciones de Ghana),motor principal (sus propios datos de ensayo suprimidos causaron el daño),secuelas,fundamentado,medicina y farmacéutica; salud pública; reconocimiento y legitimidad,Fundamentado. Los datos de ensayo no publicados que precedieron a fallos de seguridad de medicamentos son un patrón bien documentado. Prueba de cuatro vías: Ghana y Japón se acusan directamente por la advertencia inútil; el pacto de Noruega con Ghana es independiente de México. No geográfico: la regulación farmacéutica abarca continentes legítimamente.
IE-617,México; Indonesia; Egipto; Finlandia,Tres países retienen datos de un brote que nadie quiere intercambiar en igualdad,"Un brote que se propaga por Indonesia y Egipto no puede rastrearse sin las secuencias genéticas que los tres países afectados poseen por separado. Indonesia liberará sus secuencias solo si Egipto libera primero los registros de sus pacientes, ya que Egipto usó los últimos datos compartidos por Indonesia para presentar una patente de vacuna. Egipto se niega, calificando esa acusación de pretexto. México posee el tercer conjunto de secuencias y necesita a los otros dos para terminar su propio modelo de brote, pero liberar primero sus datos permitiría a Egipto volver a presentar una patente. El laboratorio público de Finlandia se ha ofrecido a custodiar los tres conjuntos en depósito, una oferta que Indonesia rechaza porque Finlandia coescribió la patente de Egipto.",98,conocimiento / divulgación,los tres países poseen datos parciales,la propagación del brote en Indonesia y Egipto,Finlandia (oferta de depósito comprometida),atrapado en medio (necesita los datos de los otros dos pero arriesga que los suyos sean patentados),en desarrollo,fundamentado,salud pública; tecnología y fijación de normas; reconocimiento y legitimidad,"Fundamentado. Los estancamientos por intercambio de datos al estilo de la soberanía viral son reales (cf. la doctrina de Indonesia de 2007). Prueba de cuatro vías: el agravio de Indonesia es directamente contra Egipto, y su rechazo a Finlandia proviene del vínculo de Finlandia con Egipto, no con México. No geográfico: el intercambio de datos genómicos es global."
IE-618,México; Polonia; India; Irlanda,Una falla de señalización mata a decenas y divide tres sistemas legales,"Una falla en la señalización ferroviaria causó una colisión en Polonia que mató a decenas de pasajeros. El software fue escrito en India, certificado en Irlanda, y licenciado a Polonia a través de un integrador mexicano que lo adaptó a las condiciones locales de la vía. India dice que su código original era sólido y que la adaptación de México introdujo la falla. Irlanda dice que certificó solo el código original, no la versión modificada de México, y no tiene responsabilidad alguna. Polonia argumenta que la certificación de Irlanda es lo que permitió que la versión modificada funcionara en absoluto. El integrador mexicano ha perdido todos sus demás contratos, aunque todavía no existe ningún hallazgo en su contra.",95,atribución / culpa,Irlanda (certificó el código),Polonia (decenas de muertos),India (desvía la culpa hacia la adaptación de México),espectador perjudicado (perdió contratos antes de cualquier hallazgo de responsabilidad),secuelas,fundamentado,infraestructura; tecnología y fijación de normas,"Fundamentado. La responsabilidad dividida entre autoría del código, certificación, y adaptación local es un problema real de seguridad de software. Prueba de cuatro vías: el argumento de Polonia apunta específicamente a Irlanda; India e Irlanda culpan cada una a partes distintas. No geográfico: las cadenas de suministro de software abarcan continentes."
IE-619,México; Brasil; Turquía; Dinamarca,Una división en la certificación de ascensores deja dos estándares y un saldo de muertos,"Ensamblajes de frenos de ascensores certificados bajo dos estándares rivales han fallado en Brasil y Turquía, matando a trabajadores de mantenimiento en ambos países. Brasil certificó sus edificios bajo el estándar más estricto y culpa a Turquía por aceptar el más débil, que permitió que la misma pieza defectuosa entrara en el suministro compartido. Turquía dice que los propios inspectores de Brasil aprobaron la pieza idéntica bajo una exención. México redactó el estándar más débil y ahora debe decidir si lo retira, lo cual anularía las certificaciones de miles de sus propios edificios. Las aseguradoras de Dinamarca han dejado de cubrir cualquier ascensor certificado bajo cualquiera de los dos estándares hasta que se retire uno.",95,fijación de normas,México (redactó el estándar más débil),trabajadores de mantenimiento muertos en Brasil y Turquía,Dinamarca (retiro generalizado de cobertura de seguros),atrapado en medio (retirar el estándar anula las certificaciones de sus propios edificios),en desarrollo,fundamentado,infraestructura; fijación de normas; reconocimiento y legitimidad,Fundamentado. Los estándares de seguridad rivales que permiten que una pieza defectuosa entre en un suministro compartido son un problema real de certificación. Prueba de cuatro vías: Brasil y Turquía se acusan directamente por la exención. No geográfico: el suministro de componentes y la certificación son globales.
IE-620,México; Tailandia; Kenia; Austria,Las propias plantas de un certificador aprueban mientras otras son suspendidas,"Un brote de listeria rastreado hasta carne procesada ha matado a treinta y una personas en Tailandia y Kenia. Todas las plantas implicadas fueron certificadas por el organismo mexicano de seguridad alimentaria, que suspendió a toda planta extranjera que certifica mientras dejaba operando sus propias plantas nacionales. Tailandia dice que la suspensión es proteccionismo comercial disfrazado de seguridad, ya que la carne mexicana ahora llena los estantes que perdieron sus propios exportadores. Kenia apoya la suspensión pero quiere que se incluyan en ella las plantas mexicanas. Los importadores de Austria, que compran a los tres países, han dejado de aceptar por completo la certificación mexicana y exigen pruebas independientes antes de que se mueva cualquier envío.",93,pureza / contaminación,El organismo certificador de México (suspendió solo plantas extranjeras),Tailandia (pérdida de espacio de exportación; muertes),Austria (rechaza la certificación mexicana de plano),motor principal (su propia suspensión selectiva favorece a sus propias plantas),secuelas,fundamentado,sistemas alimentarios y hambruna; salud pública; comercio y transporte marítimo,Fundamentado. Que los organismos certificadores favorezcan a los productores nacionales durante suspensiones por seguridad es un patrón real de disputa comercial. Prueba de cuatro vías: Tailandia y Kenia discrepan entre sí sobre si la suspensión debe mantenerse. No geográfico: la certificación alimentaria y los mercados de exportación son globales.
IE-621,México; Filipinas; Países Bajos; Zambia,El colapso de un fondo de pensiones alcanza a jubilados de tres países,"Un fondo de pensiones que contenía los ahorros de jubilación de trabajadores en Filipinas, Zambia y México ha colapsado después de que un gestor de activos neerlandés concentrara sus tenencias en un solo prestatario que quebró. Los jubilados filipinos han perdido el acceso a la cobertura médica ligada a sus pagos de pensión, y los hospitales reportan pacientes que abandonan el tratamiento. Los Países Bajos dicen que los fideicomisarios del fondo mexicano aprobaron por escrito la concentración y comparten la responsabilidad. Los fideicomisarios de México dicen que la aprobación cubría un límite que el gestor luego excedió. Zambia, cuyos propios jubilados enfrentan la misma pérdida, demanda conjuntamente a los Países Bajos y a México en lugar de elegir entre sus relatos contrapuestos.",97,atribución / culpa,el gestor de activos neerlandés (concentró las tenencias),jubilados en Filipinas y Zambia (perdieron cobertura médica),Zambia (demanda conjuntamente a ambas partes acusadas),atrapado en medio (tanto el relato del gestor como la demanda conjunta de Zambia lo obligan a reconocer culpa),secuelas,contrafactual,deuda y finanzas; salud pública,"Contrafactual. Los fallos de concentración de pensiones que causan pérdida de cobertura médica son un mecanismo real plausible. Prueba de cuatro vías: Zambia demanda conjuntamente a los Países Bajos y a México; esos dos se culpan directamente entre sí, y México no puede refutar a uno sin fortalecer el caso del otro. No geográfico: la gestión de activos es global."
IE-622,México; Chile; Marruecos; Canadá,Una brecha de detección envía plasma contaminado a través de tres sistemas,"Una prueba de detección de plasma sanguíneo aprobada para uso global no ha logrado detectar una cepa viral que ahora infecta a receptores en Chile y Marruecos. Chile dice que Marruecos siguió importando plasma durante tres semanas después de que sus propios laboratorios señalaran la brecha, enviando existencias contaminadas a través de un acuerdo de mancomunación compartido. Marruecos dice que Chile nunca notificó formalmente a nadie y solo publicó sus hallazgos después. Los bancos de sangre de México recibieron plasma mancomunado de ambos países y ahora no pueden identificar qué unidades están afectadas. Canadá, que desarrolló la prueba fallida, insiste en que cumple con las especificaciones y que la cepa cae fuera de lo que jamás fue diseñada para detectar.",102,conocimiento / divulgación,Canadá (desarrolló la prueba fallida),México (no puede rastrear qué unidades mancomunadas están contaminadas),Chile y Marruecos (acusaciones mutuas retrasan el rastreo),"espectador perjudicado (recibió existencias mancomunadas de ambos, imposibles de rastrear)",en desarrollo,fundamentado,salud pública; medicina y farmacéutica,Fundamentado. Los acuerdos de mancomunación de plasma que propagan patógenos no detectados son un riesgo real y documentado. Prueba de cuatro vías: Chile y Marruecos se acusan mutuamente de la falla de notificación; Canadá defiende su prueba frente a ambos. No geográfico: la mancomunación de plasma y el desarrollo de pruebas abarcan continentes.
IE-623,México; Etiopía; Malasia; Suiza,Un certificado de piezas cubre un componente que nadie quiere reclamar,"Un álabe de turbina que falló en pleno vuelo forzó un aterrizaje de emergencia en Etiopía y mató a dos tripulantes. El álabe portaba un certificado de aeronavegabilidad mexicano, fue fabricado en Malasia, y fue instalado por un contratista de mantenimiento etíope. Malasia dice que México certificó una especificación de álabe que nunca probó realmente a carga completa. México dice que Malasia sustituyó una aleación después de la certificación sin volver a presentar el trámite. Etiopía dejó en tierra su flota y quiere que ambos países financien el reemplazo, algo que ninguno hará mientras se culpen mutuamente. Las aseguradoras de aviación de Suiza han suspendido la cobertura de toda aeronave que porte álabes de ese lote de producción.",95,atribución / culpa,México (emitió el certificado de aeronavegabilidad),"Etiopía (muertes de tripulación, flota en tierra, reemplazo sin financiar)",Suiza (suspensión generalizada de cobertura),cómplice (certificó una especificación que no probó a carga completa),secuelas,fundamentado,comercio y transporte marítimo; infraestructura; reconocimiento y legitimidad,Fundamentado. La sustitución de aleaciones después de la certificación es un modo real de falla en piezas de aviación. Prueba de cuatro vías: Etiopía exige financiamiento tanto de Malasia como de México; esos dos se culpan mutuamente. No geográfico: las cadenas de certificación de piezas son globales.
IE-624,México; Bangladés; Perú; Alemania,Una calificación de respiradores divide dos estándares sobre un mismo polvo,"Trabajadores de fábricas en Bangladés y Perú han desarrollado la misma enfermedad pulmonar irreversible mientras usaban respiradores calificados como seguros para el polvo involucrado. Bangladés los calificó bajo el protocolo de pruebas de México; Perú usó el más estricto de Alemania, y los casos de Perú son muchos menos. Bangladés dice que Perú retuvo sus datos comparativos durante dos años, lo cual habría motivado un cambio. Perú dice que los datos fueron publicados y Bangladés nunca los leyó. Las propias fábricas de México usan los mismos respiradores bajo su propio protocolo, y su ministerio de trabajo ha comenzado discretamente a comprar existencias calificadas bajo el estándar alemán mientras todavía defiende públicamente la calificación mexicana.",95,fijación de normas,México (posee el protocolo más débil y lo está abandonando discretamente),trabajadores de Bangladés (enfermedad pulmonar irreversible),Alemania (su protocolo más estricto es la acusación implícita),cómplice (defiende públicamente su propia calificación mientras cambia discretamente sus propias fábricas al estándar más estricto),en desarrollo,fundamentado,salud pública; fijación de normas,"Fundamentado. Los protocolos rivales de pruebas de respiradores con resultados divergentes de enfermedad reflejan disputas reales sobre estándares de seguridad ocupacional. Prueba de cuatro vías: Bangladés y Perú se acusan mutuamente sobre los datos retenidos/ignorados. No geográfico: los protocolos de prueba se adoptan internacionalmente. REVISADO para eliminar un recurso duplicado: un borrador anterior usaba la misma construcción de 'México debe decidir si retira su propio estándar, anulando sus propias certificaciones' que IE-619."
IE-625,México; Vietnam; Irlanda; Uganda,La salida de una reaseguradora deja a hospitales sin seguro a mitad de tratamiento,"Una empresa reaseguradora se ha retirado de cubrir la responsabilidad médica en tres países a la vez, y hospitales en Vietnam y Uganda han comenzado a rechazar cirugías de alto riesgo que ya no pueden asegurar. Vietnam dice que el regulador de Irlanda permitió que la empresa saliera sin el período de aviso que exigía su propia licencia. Irlanda dice que Vietnam aceptó hace años una variación de póliza que eliminó ese requisito de aviso. Uganda, que nunca firmó variación alguna, exige que Irlanda obligue a la empresa a reincorporarse a la cobertura. Los hospitales de México enfrentan la misma retirada pero la han absorbido autoasegurándose, a un costo que ya ha cerrado dos unidades quirúrgicas regionales.",98,ausencia / vacío,El regulador de Irlanda (permitió la salida),Vietnam y Uganda (cirugías rechazadas),Uganda (exige que Irlanda obligue el reingreso),espectador perjudicado (se autoaseguró a un costo que cerró sus propias unidades quirúrgicas),en desarrollo,contrafactual,deuda y finanzas; salud pública,Contrafactual. El colapso de la cobertura de responsabilidad médica por la retirada de reaseguros es un mecanismo real plausible. Prueba de cuatro vías: Vietnam e Irlanda disputan directamente el requisito de aviso; el reclamo de Uganda se basa en nunca haber firmado la variación. No geográfico: el reaseguro es global.
IE-626,México; Malaui; India; Bélgica,Una plaga resistente se propaga por las semillas de tres países,"Una plaga resistente a fungicidas ha destruido cosechas básicas en Malaui e India, y ambos habían plantado semilla tratada con el mismo recubrimiento formulado en México. Malaui dice que India siguió exportando semilla tratada durante toda una temporada después de que sus propias pruebas mostraran resistencia emergente. India dice que esas pruebas fueron inconclusas y que los agrónomos de Malaui las revisaron sin objeción. México plantó la misma semilla tratada en todo su cinturón granero del norte y ahora vigila la aparición de la plaga sin datos propios de resistencia, ya que el formulador se ha negado a divulgarlos a ningún cliente. La agencia de ayuda de Bélgica, que financió las compras de semilla de ambos países, ha congelado todas las subvenciones agrícolas adicionales.",104,pureza / contaminación,el formulador (retiene los datos de resistencia de todos los clientes),Malaui e India (cosechas básicas destruidas),Bélgica (congeló todas las subvenciones agrícolas),espectador perjudicado (plantó la misma semilla tratada y tampoco puede obtener datos de resistencia),secuelas,fundamentado,sistemas alimentarios y hambruna; medicina y farmacéutica,Fundamentado. La resistencia a fungicidas que destruye cosechas básicas es una crisis agrícola real y documentada. Prueba de cuatro vías: Malaui e India se acusan mutuamente sobre la decisión de la temporada de exportación; la congelación de subvenciones de Bélgica golpea a ambos. No geográfico: las formulaciones de semillas y el financiamiento de ayuda son globales.
IE-627,México; Nigeria; Kazajistán; Portugal,Una red de vigilancia se apaga mientras la resistencia se propaga,"Una infección resistente a fármacos se ha movido sin ser detectada entre hospitales de Nigeria y Kazajistán, porque la red de vigilancia destinada a señalarla dejó de compartir datos hace ocho meses. Nigeria retiró sus datos después de que Kazajistán publicara cifras de casos nigerianos sin atribución, usándolas para argumentar a favor de su propio financiamiento de investigación. Kazajistán dice que la atribución nunca formó parte del acuerdo. México alberga el centro de análisis de la red y necesita los datos de ambos países para detectar cualquier cosa, pero restaurar la participación de Nigeria significa aceptar condiciones que Kazajistán ya ha rechazado. Los hospitales de Portugal, río abajo de ambos, han registrado los primeros casos fuera de los dos países originales.",94,conocimiento / divulgación,Nigeria y Kazajistán (retienen y disputan los datos),Portugal (primeros casos fuera de los dos países originales),Portugal (sus casos prueban la brecha de detección),atrapado en medio (no puede detectar nada sin condiciones que los dos países no aceptarán ambos),en desarrollo,fundamentado,salud pública; reconocimiento y legitimidad,Fundamentado. Las disputas de atribución que colapsan el intercambio de datos de vigilancia de enfermedades son un fallo real y documentado. Prueba de cuatro vías: la disputa entre Nigeria y Kazajistán es enteramente bilateral y precede al problema de México. No geográfico: las redes de vigilancia son globales.
IE-628,México; Turquía; Colombia; Suecia,Una especificación de cemento aprueba edificios que no deberían mantenerse en pie,"El ministerio de construcción de México ha impulsado una especificación de cemento hacia un código internacional ampliamente utilizado, y la especificación permite una proporción de relleno que debilita las estructuras bajo carga sostenida. Turquía adoptó el código y desde entonces ha tenido dos edificios de mediana altura colapsar parcialmente, matando a residentes. Colombia rechazó el código y exige su propia mezcla más estricta, y sus constructores ahora enfrentan costos más altos al competir contra empresas turcas que construyen bajo el estándar más barato. Colombia dice que Turquía tomó a sabiendas la ruta más barata. Turquía dice que Colombia presionó a favor de su propia industria cementera, no por seguridad. El organismo de ingeniería de Suecia ha procedido a suspender todo el código en espera de una revisión.",100,fijación de normas,México (redactó la especificación débil),"Turquía (colapsos de edificios, muertes de residentes)",Suecia (procede a suspender todo el código),motor principal (su propia especificación permite la proporción de relleno que debilita),en desarrollo,fundamentado,infraestructura; fijación de normas; comercio y transporte marítimo,Fundamentado. Las especificaciones de materiales impulsadas por costos que debilitan los códigos de construcción son un patrón real y documentado. Prueba de cuatro vías: Colombia y Turquía se acusan directamente de mala fe. No geográfico: los códigos de construcción se adoptan internacionalmente.
IE-629,México; Sri Lanka; Kenia; Japón,Una reestructuración anticipada rompe una secuencia que dos países necesitaban,"México reestructuró una categoría de deuda soberana compartida tres semanas antes de la fecha coordinada que cuatro países habían acordado. Los tenedores de bonos repreciaron de inmediato la deuda de Sri Lanka y Kenia asumiendo que ambos seguirían el mismo camino. El ministerio de salud de Sri Lanka ha suspendido las importaciones de tres medicamentos esenciales que ya no puede financiar, y ya se registran muertes por enfermedades crónicas sin tratar. Kenia dice que Sri Lanka empeoró el pánico al confirmar públicamente que buscaría condiciones peores que las que obtuvo México. Sri Lanka dice que el ministerio de finanzas de Kenia filtró primero esa postura. Japón, el mayor tenedor de la deuda de los tres países, se ha negado a negociar con cualquiera de ellos por separado.",105,cronología / secuencia,"México (se movió temprano, rompiendo la secuencia)","Sri Lanka (importaciones de medicamentos esenciales suspendidas, muertes)",Japón (se niega a negociaciones separadas),motor principal (su propia reestructuración anticipada desencadenó el repreciamiento),en desarrollo,contrafactual,deuda y finanzas; salud pública,"Contrafactual. Una reestructuración soberana coordinada rota por una parte, que se convierte en una cascada de suspensiones de importaciones, es un mecanismo real plausible. Prueba de cuatro vías: Sri Lanka y Kenia se acusan mutuamente de la filtración. No geográfico: los mercados de deuda soberana son globales."
IE-630,México; Argentina; Croacia; Catar,Un certificado de buque deja que una tripulación navegue hacia una falla,"El casco de un granelero falló en mares agitados, matando a once tripulantes de Argentina y Croacia. La autoridad marítima de México había certificado el casco tras una inspección que sus propios inspectores completaron en un solo día, un tipo de inspección que requiere tres. Argentina dice que la agencia de tripulación de Croacia embarcó a la tripulación sabiendo que el certificado había sido acelerado. Croacia dice que el certificado no llevaba ninguna marca que indicara algo inusual y que no tenía forma de saberlo. La autoridad portuaria de Catar, que autorizó la salida del buque con ese certificado, ahora ha incautado otros cuatro buques certificados por México bajo la misma inspección abreviada.",94,atribución / culpa,La autoridad marítima de México (aceleró la inspección),los once tripulantes muertos de Argentina y Croacia,Catar (incautó otros cuatro buques certificados por México),motor principal (su propia inspección abreviada certificó un casco inseguro),secuelas,fundamentado,comercio y transporte marítimo; reconocimiento y legitimidad,"Fundamentado. Las inspecciones de casco aceleradas que preceden a fallas estructurales son un problema real y documentado de seguridad marítima. Prueba de cuatro vías: Argentina acusa directamente a la agencia de tripulación de Croacia; Croacia se defiende frente a Argentina, no frente a México. No geográfico: la certificación de buques y la contratación de tripulaciones son globales."
IE-631,México; Ruanda; Suiza; Pakistán,Una licencia de fabricación caduca en pleno brote,"Una vacuna necesaria para un brote en Ruanda y Pakistán solo puede producirse bajo licencia de un titular de patente suizo, y México posee los únicos derechos regionales de fabricación. La licencia de México caducó hace seis semanas y ha seguido produciendo de todos modos, lo cual Suiza dice que anula cualquier protección de responsabilidad para las dosis ya enviadas. Ruanda ha administrado cuarenta mil de esas dosis y quiere que Suiza confirme que siguen cubiertas. Pakistán se ha negado a aceptar más dosis fabricadas en México sin esa confirmación, y su propio brote ahora crece más rápido que el de Ruanda. Suiza no confirmará nada mientras la licencia siga sin resolverse.",99,reconocimiento / legitimidad,Suiza (posee la patente y la cuestión de responsabilidad),Pakistán (rechaza dosis mientras su brote crece),Ruanda (ya administró cuarenta mil dosis sin cobertura confirmada),cómplice (siguió produciendo después de que su propia licencia caducara),en desarrollo,contrafactual,medicina y farmacéutica; salud pública; reconocimiento y legitimidad,"Contrafactual. Las caducidades de licencia que anulan la protección de responsabilidad en pleno brote son un mecanismo real plausible. Prueba de cuatro vías: Ruanda quiere confirmación para las dosis administradas, Pakistán rechaza dosis sin ella, posturas directamente opuestas sobre la misma pregunta. No geográfico: la concesión de licencias de patentes es global."
IE-632,México; Zambia; Australia; Estonia,Un aviso de retiro llega a un país y no al otro,"Dispositivos de respiración de autorrescate usados en minas han fallado bajo tierra en Zambia y Australia, matando a diecinueve trabajadores entre ambos. El fabricante mexicano emitió un aviso de retiro a través del regulador de Australia pero nunca presentó uno en Zambia, donde el mismo lote siguió en uso cinco meses más. Australia dice que el regulador de Zambia debió haber captado el retiro a través del sistema de alerta compartido. Zambia dice que el regulador de Australia marcó el aviso como doméstico y que nunca entró a ese sistema. El fabricante mexicano dice que las obligaciones de presentación recaían en cada regulador nacional, no en él. El organismo certificador de Estonia ha retirado la aprobación de toda la línea de producto.",99,conocimiento / divulgación,El fabricante de México (emitió un retiro parcial),los diecinueve mineros muertos en Zambia y Australia,Estonia (retiró la aprobación de toda la línea de producto),cómplice (presentó el retiro en un mercado y no en el otro),secuelas,fundamentado,energía y extracción de recursos; salud pública; fijación de normas,Fundamentado. Los avisos de retiro que no logran propagarse entre reguladores nacionales son una brecha real y documentada del sistema de seguridad. Prueba de cuatro vías: Australia y Zambia se culpan mutuamente por el sistema de alerta de sus reguladores. No geográfico: los sistemas de retiro y la fabricación son globales.
IE-633,México; Túnez; Singapur; Ghana,Un fondo congelado detiene tres hospitales a medio construir,"Un fondo soberano que financiaba la construcción de hospitales en Túnez y Ghana ha sido congelado por un tribunal de Singapur en una disputa sobre quién controla su mandato de inversión. El hospital regional de Túnez, a medio terminar, ha detenido las obras, y los pacientes todavía viajan seis horas hasta la instalación funcional más cercana. Túnez dice que Ghana provocó la congelación al impugnar primero el mandato. Ghana dice que su propio hospital estaba siendo financiado en último lugar y más lentamente, y que impugnar era su única palanca. México cogestiona el fondo y podría liberar el dinero de construcción bajo una cláusula de emergencia, pero hacerlo renunciaría a su propio reclamo en la misma disputa.",104,ausencia / vacío,el tribunal de Singapur (mantiene la congelación),pacientes tunecinos (viajes de seis horas hacia atención funcional),Ghana (provocó la congelación para su propia palanca),atrapado en medio (liberar el dinero renuncia a su propio reclamo en la disputa),en desarrollo,contrafactual,deuda y finanzas; salud pública; infraestructura,Contrafactual. Las disputas de mandato de fondos soberanos que congelan infraestructura a medio construir son un mecanismo real plausible. Prueba de cuatro vías: Túnez y Ghana se culpan directamente entre sí por quién causó la congelación. No geográfico: la gestión de fondos y la jurisdicción son globales.
IE-634,México; Bolivia; Reino Unido; Serbia,Un error de calificación fuerza una austeridad que nadie quiere revertir,"Una agencia calificadora de crédito aplicó incorrectamente una fórmula de deuda a Bolivia y Serbia, rebajando a ambas, y cada gobierno recortó el gasto en salud para defender su calificación. Los hospitales de Bolivia han reportado muertes por programas de diálisis suspendidos. La agencia, con sede en el Reino Unido, ha reconocido el error pero dice que las calificaciones no pueden revisarse hasta su próxima revisión programada. Bolivia dice que el ministerio de finanzas de Serbia conocía el error meses antes y guardó silencio para proteger su propia emisión de bonos. Serbia niega saberlo. El banco central de México suministró el conjunto de datos subyacente que la fórmula interpretó mal, y se ha negado a divulgar su metodología para verificación independiente.",100,atribución / culpa,la agencia calificadora con sede en el Reino Unido (controla el momento de la revisión),Bolivia (muertes por programas de diálisis suspendidos),Serbia (acusada de silencio para proteger su propia emisión),cómplice (suministró los datos mal interpretados y retiene su metodología),secuelas,contrafactual,deuda y finanzas; salud pública; tecnología y fijación de normas,"Contrafactual. Los errores de calificación que impulsan la austeridad con consecuencias de salud medibles son un mecanismo real plausible. Prueba de cuatro vías: Bolivia acusa a Serbia de silencio deliberado; Serbia lo niega, una disputa bilateral directa. No geográfico: las agencias calificadoras y el suministro de datos son globales."
IE-635,México; Nepal; Sudáfrica; Rumanía,Una norma de inspección de puentes divide los registros de dos países,"El colapso de un puente peatonal en Nepal mató a veintitrés personas, y el mismo diseño se mantiene en pie en Sudáfrica y Rumanía. Nepal inspeccionó bajo una norma redactada por México que permite solo inspección visual; Sudáfrica exige pruebas de carga y encontró fisuras en dos de sus propios tramos. Sudáfrica dice que Nepal fue advertido informalmente hace dos años y no hizo nada. Nepal dice que la advertencia vino de un consultor privado, sin canal oficial alguno, y no tenía peso. Rumanía ha cerrado por completo todos los tramos de ese diseño, y está facturando a México el costo de reemplazo alegando que su norma fue lo que hizo certificable el diseño en primer lugar.",101,fijación de normas,México (redactó la norma de inspección solo visual),Nepal (veintitrés muertos),Rumanía (cerró todos los tramos y factura a México el reemplazo),espectador perjudicado (sus propios puentes ahora no pueden verificarse bajo su propia norma),secuelas,fundamentado,infraestructura; fijación de normas,Fundamentado. Los regímenes de inspección que permiten evaluación solo visual antes de un colapso estructural son un fallo real y documentado. Prueba de cuatro vías: Sudáfrica y Nepal disputan si la advertencia informal contó; el reclamo de costo de Rumanía corre contra México de forma independiente. No geográfico: las normas de inspección se adoptan internacionalmente. CORREGIDO de un borrador en el que Rumanía aparecía en el reparto pero nunca en el cuerpo del texto.
IE-636,México; Perú; Italia; Camboya,Una exención de repatriación protege a quien haya tenido los objetos por más tiempo,"Se está reescribiendo un registro que determina qué objetos sagrados pueden salir legalmente de su país de origen, y México preside el panel que lo redacta. El borrador de México eximiría a los objetos que ya llevan más de cincuenta años en el extranjero, protegiendo a cientos de piezas en sus propios museos. Perú dice que la exención recompensa a quien haya conservado más tiempo objetos robados. Italia, que posee muchos más objetos de este tipo que México, ha respaldado discretamente el borrador mientras llama públicamente a la repatriación un deber moral. Camboya dice que los propios museos de Perú tienen piezas jemeres bajo la misma cobertura de cincuenta años, y que la objeción de Perú es selectiva. Perú niega que sus colecciones sean comparables.",99,control de un objeto,"Italia (posee la mayor cantidad de objetos, respalda el borrador discretamente)",Camboya y los Estados de origen que pierden reclamos de repatriación,Camboya (devuelve la objeción contra las propias colecciones de Perú),motor principal (sus propias colecciones museísticas son lo que la exención protege),en desarrollo,fundamentado,soberanía cultural; religión y geografía sagrada,"Fundamentado. Las disputas de repatriación que giran en torno a exenciones por tiempo de posesión reflejan tensiones reales del derecho de procedencia. Prueba de cuatro vías: Camboya ataca directamente la selectividad de Perú, y la postura privada de Italia contradice la pública, independientemente de México. No geográfico: las colecciones museísticas y el derecho de registro abarcan continentes. Fuerzas elegidas deliberadamente entre las ausentes en IE-616 a IE-635."
IE-637,México; Kazajistán; Nigeria; Noruega,Dos pagos suspendidos dejan a una estación con once semanas de margen,"Una estación de investigación tripulada en órbita baja ha perdido su cronograma de reabastecimiento después de que dos de sus cuatro países socios suspendieran los pagos. Kazajistán dejó de pagar cuando Nigeria incumplió su propia contribución y el consorcio operador aumentó la cuota de todos para cubrirla. Nigeria dice que el consorcio aumentó las cuotas antes de que su pago siquiera estuviera atrasado, usando una fórmula que Nigeria nunca aceptó. México construyó y posee el módulo de reciclaje de agua de la estación, que falla sin el mantenimiento financiado por el fondo suspendido. Noruega dice que los cuatro tripulantes a bordo tienen once semanas de margen, después de las cuales la estación debe ser abandonada y el módulo de México perdido junto con ella.",101,ausencia / vacío,el consorcio operador (aumentó las cuotas),México (su módulo se pierde si se abandona la estación),Noruega (fija el reloj de abandono de once semanas),espectador perjudicado (su propio módulo es garantía colateral de una disputa de pago de la que no forma parte),inminente,contrafactual,espacio exterior y dominio orbital; exploración espacial,Contrafactual. Las disputas de financiamiento de estaciones orbitales que obligan a decisiones de abandono son un mecanismo plausible de futuro cercano. Prueba de cuatro vías: la disputa de pago entre Kazajistán y Nigeria es enteramente bilateral y precede a la exposición de México. No geográfico: los consorcios orbitales son inherentemente internacionales. Fuerzas elegidas deliberadamente entre las ausentes en IE-616 a IE-635.
IE-638,México; Jordania; Dinamarca; Colombia,Una reclasificación deja varadas treinta mil transferencias aprobadas,"Un sistema de cupos de reasentamiento colapsó después de que Dinamarca reclasificara una categoría de solicitantes como inelegible, y treinta mil personas ya aprobadas para transferencia quedan ahora varadas en campamentos jordanos durante un segundo invierno. Jordania dice que la reclasificación de Dinamarca rompió una asignación vinculante, no discrecional. Dinamarca dice que Colombia sentó el precedente al reclasificar la misma categoría dos años antes sin objeción de nadie. Colombia dice que su reclasificación se aplicó solo a nuevos solicitantes, nunca a casos ya aprobados. México adoptó discretamente la reclasificación de Dinamarca el mes pasado y ha cancelado sus propias transferencias aprobadas, mientras sigue criticando públicamente a Dinamarca por hacer exactamente eso.",98,obligación de actuar,Dinamarca (hizo la reclasificación que colapsó el sistema),treinta mil solicitantes aprobados varados en Jordania,Colombia (disputa haber sido citada como el precedente),cómplice (adoptó discretamente la misma reclasificación mientras la criticaba públicamente),en desarrollo,fundamentado,migración y desplazamiento; ayuda humanitaria,"Fundamentado. Los colapsos de cupos de reasentamiento por reclasificación unilateral de elegibilidad son un patrón real y documentado. Prueba de cuatro vías: Dinamarca culpa a Colombia, Colombia refuta a Dinamarca, y Jordania disputa la interpretación legal de Dinamarca, tres disputas bilaterales separadas. No geográfico: la asignación de reasentamiento es un mecanismo legal multilateral. Fuerzas elegidas deliberadamente entre las ausentes en IE-616 a IE-635."
IE-639,México; Ucrania; Corea del Sur; Egipto,Un retiro anticipado rompe una rotación de combustible que comparten cuatro reactores,"Un banco de combustible compartido que abastece a reactores de investigación exige que sus cuatro miembros retiren su asignación en una rotación fija, de modo que ningún miembro pueda acumular por delante de los demás. Ucrania tomó su asignación dos rotaciones antes de tiempo, citando un reinicio de reactor que dice estaba programado desde hace años. Corea del Sur dice que la fecha de reinicio de Ucrania se movió deliberadamente para justificar el retiro anticipado, y ahora ha tomado su propia asignación fuera de secuencia en represalia. El reactor de México produce isótopos médicos y se queda sin combustible en nueve semanas, pero retirar ahora dejaría a Egipto, el último en la rotación, sin nada en absoluto.",96,cronología / secuencia,Ucrania (rompió primero la rotación),"Egipto (último en la rotación, enfrenta no recibir nada)",Corea del Sur (tomó represalias rompiendo la secuencia),atrapado en medio (retirar el combustible que necesita en nueve semanas dejaría a Egipto completamente sin nada),inminente,contrafactual,materiales nucleares y proliferación; energía y extracción de recursos,Contrafactual. Los acuerdos de rotación de bancos de combustible que colapsan por deserción secuencial son un mecanismo real plausible. Prueba de cuatro vías: Corea del Sur acusa directamente a Ucrania y toma represalias en especie; el resultado de Egipto depende enteramente de la elección de México. No geográfico: los bancos de combustible son instituciones multilaterales. Fuerzas elegidas deliberadamente entre las ausentes en IE-616 a IE-635.
IE-640,México; Tuvalu; Australia; Letonia,Un umbral de residencia pondría fin a la condición de Estado y abriría sus aguas,"Se está redactando un fallo sobre si un Estado conserva su soberanía después de que su territorio se vuelve inhabitable, y México ha propuesto que el reconocimiento caduque una vez que la residencia permanente caiga por debajo de un umbral fijo. La propia propuesta de México le permitiría reclamar derechos de pesca en aguas que actualmente poseen tres Estados en vías de desaparición. Tuvalu dice que el umbral fue elegido para despojarlo específicamente. Australia, que alberga a la mayoría de la población reubicada de Tuvalu, heredaría la carga administrativa sin los derechos marítimos, y se opone a la propuesta por esa razón más que por principio. Letonia dice que la objeción de Australia es interesada y no debería pesar más que la de México.",99,reconocimiento / legitimidad,México (redactó la propuesta de umbral),Tuvalu (condición de Estado y aguas en juego),"Letonia (desacredita los motivos de Australia, no los de México)",motor principal (su propio reclamo de derechos de pesca es lo que la propuesta desbloquearía),en desarrollo,surrealista,cambio climático; control territorial y soberanía,"Surrealista. La persistencia de la condición de Estado tras la pérdida territorial es una cuestión legal genuinamente sin resolver (cf. el trabajo de nación digital de Tuvalu); el mecanismo del umbral de residencia es inventado. Prueba de cuatro vías: Letonia ataca los motivos de Australia, no los de México; Australia admite su interés propio. No geográfico: la doctrina de soberanía se decide en el derecho internacional, no por proximidad. Fuerzas elegidas deliberadamente entre las ausentes en IE-616 a IE-635."
IE-641,México; Chile; Vietnam; Hungría,Un acuerdo paralelo obliga a un aliado a votar contra su amigo,"Un bloque comercial exige posiciones unánimes de los miembros sobre aranceles externos, de modo que un solo voto bloquea cualquier exención. Los agricultores de granos de México necesitan una para sobrevivir a un colapso de precios. Chile apoya en privado a México pero está obligado a votar con Vietnam bajo un acuerdo paralelo que firmó para asegurar el respaldo vietnamita en cuotas pesqueras. Vietnam no liberará a Chile de ese acuerdo. Hungría, miembro asociado sin voto alguno, importa el grano en cuestión y enfrenta escasez sin importar cómo salga la votación. Chile ha pedido a México que retire la solicitud en lugar de forzar una votación que expondría el acuerdo paralelo.",100,obligación de actuar,Vietnam (mantiene a Chile atado al acuerdo paralelo),"Hungría (sin voto, escasez de cualquier manera)","Chile (aliado en privado de México, atado formalmente a Vietnam)",atrapado en medio (sus agricultores necesitan la exención; su aliado necesita que se retire),inminente,fundamentado,comercio y transporte marítimo; sistemas alimentarios y hambruna,"Fundamentado. Las reglas de unanimidad de bloque y los acuerdos paralelos no divulgados que atan los votos de los miembros son características reales de la gobernanza comercial. Matiz de alianza: Chile es el aliado comprensivo de México pero está formalmente capturado por Vietnam. No geográfico: la votación de bloque es institucional, no de proximidad."
IE-642,México; Ghana; Portugal; Indonesia,Un garante concede prórrogas de las que nadie más fue informado,"Un acuerdo de emisiones exige que el cumplimiento de cada miembro sea garantizado por otro miembro, de modo que los incumplimientos cuesten algo a quien tenga la palanca. Portugal ha excedido su límite en un tercio, y México es su garante designado. México ha concedido discretamente tres prórrogas a Portugal sin notificar a los demás miembros del acuerdo. El programa de adaptación costera de Ghana se financia enteramente con las multas por incumplimiento y ahora se ha estancado a medio construir, con dos rompeolas sin terminar antes de la temporada de tormentas. Indonesia, garante de otros dos miembros, dice que las prórrogas no divulgadas permitirían que todo garante dejara de exigir el cumplimiento sin que nadie se entere. Portugal ha pedido a México una cuarta prórroga.",95,obligación de actuar,México (garante con poder de exigir cumplimiento que no está usando),"Ghana (rompeolas estancados, se acerca la temporada de tormentas)",Indonesia (advierte que todo el sistema de garantes colapsaría),cómplice (protege discretamente al miembro que se suponía debía responsabilizar),en desarrollo,fundamentado,cambio climático; reconocimiento y legitimidad,"Fundamentado. Las estructuras de exigencia entre garantes pares y el no cumplimiento silencioso son problemas reales de diseño de acuerdos. Matiz de alianza: el papel de garante de México lo hace formalmente responsable de un socio al que en cambio está protegiendo. No geográfico: las obligaciones del acuerdo vinculan por tratado, no por proximidad."
IE-643,México; Noruega; Kenia; Fiyi,Una crisis declarada compromete a todos los equipos antes de que llegue la real,"Un pacto de asistencia mutua obliga a cada miembro a enviar equipos de respuesta de emergencia cuando cualquier miembro declara formalmente una crisis. México declaró una tras una inundación regional y atrajo equipos de tres socios, aunque su propia evaluación posterior situó la inundación dentro del rango estacional normal. Kenia declaró una crisis genuina once días después y encontró el fondo compartido de respuesta ya comprometido. Noruega envió sus dos equipos a México y no puede retirarlos sin incumplir el período mínimo de despliegue del pacto. Fiyi quiere que se revise la declaración de México, pero el pacto no tiene ningún mecanismo para cuestionar la propia evaluación de un miembro sobre su propia emergencia.",99,ausencia / vacío,México (mantiene comprometidos los equipos bajo una declaración válida),"Kenia (crisis genuina, sin equipos disponibles)",Fiyi (busca una revisión que el pacto hace imposible),motor principal (su propia declaración cuestionable consumió el fondo compartido),en desarrollo,contrafactual,ayuda humanitaria; alianzas militares y defensa,"Contrafactual. Los pactos de asistencia mutua que vuelven incuestionable la autoevaluación de un miembro son una falla de diseño real. Matiz de alianza: Noruega queda atrapada por las obligaciones del pacto ayudando al miembro equivocado. No geográfico: la membresía del pacto abarca continentes. Alianza de defensa usada como estructura institucional, no como mecanismo violento."
IE-646,México; Turquía; Irlanda; Perú,Una cláusula de responsabilidad compartida encuentra a un solo firmante que se niega,"Un acuerdo de construcción hace a sus firmantes solidariamente responsables por los fallos de proyecto de cualquier miembro, una cláusula añadida para tranquilizar a los prestamistas. El colapso del programa de vivienda de Turquía la ha activado, dejando a otros tres firmantes responsables de una compensación que Turquía no puede pagar. Irlanda ha comenzado a pagar su parte y exige que México y Perú paguen las suyas. México argumenta que la cláusula nunca pretendió cubrir fallos causados por la propia negligencia de un miembro, algo que la propia investigación de Turquía ya ha determinado. Perú está completamente de acuerdo con México pero ha pagado discretamente a Irlanda para proteger sus condiciones de endeudamiento, dejando a México como el único firmante que todavía se niega.",94,atribución / culpa,Irlanda (paga y exige que los demás sigan),residentes desplazados del programa colapsado de Turquía,"Perú (concuerda con México, paga de todos modos, aislándolo)",atrapado en medio (pagar premia la negligencia; negarse lo aísla de todo cofirmante),en desarrollo,fundamentado,infraestructura; fijación de normas,"Fundamentado. Las cláusulas de responsabilidad solidaria en acuerdos multilaterales de construcción crean exactamente esta dinámica de deserción. Matiz de alianza: Perú concuerda en privado con México pero deserta por interés propio, dejando expuesto a su aliado. No geográfico: la responsabilidad del acuerdo vincula por firma."
IE-647,México; Bangladés; Suecia; Marruecos,"A una sola ratificación de faltar, con una promesa privada detrás","Un convenio laboral necesita una ratificación más para entrar en vigor, y México es el único firmante que no ha ratificado. El sector de la confección de México perdería una exención salarial que el convenio elimina. Bangladés ratificó temprano, y sus fábricas ahora compiten contra las mexicanas que todavía usan esa exención. Suecia, que patrocinó el convenio, ha propuesto suspender los derechos de voto de México en el organismo laboral hasta que ratifique. Marruecos ratificó solo porque México prometió en privado seguirlo dentro del año, y dice que retirará formalmente su propia ratificación si México no actúa en esta sesión.",93,cronología / secuencia,México (la ratificación pivotal faltante),Bangladés (compite contra una exención retenida),"Marruecos (amenaza con retirarse, lo que retrocedería el conteo en dos)",motor principal (su propia ratificación retenida bloquea la entrada en vigor),inminente,fundamentado,comercio y transporte marítimo; gobernanza moral y legitimidad espiritual,"Fundamentado. Los convenios estancados a una ratificación de faltar, y las promesas recíprocas privadas de ratificación, son características reales de la práctica de tratados laborales. Matiz de alianza: Marruecos actuó según un entendimiento bilateral con México que México no ha honrado. No geográfico: la ratificación es institucional."
IE-648,México; Kazajistán; Polonia; Angola,Dos coauditores dejan de firmar y se congelan los créditos de todos,"Un registro de créditos de carbono exige que dos Estados auditores designados co-certifiquen cada emisión, y Kazajistán y Polonia comparten ese papel este ciclo. Los dos dejaron de cofirmar después de que Polonia acusara a Kazajistán de certificar créditos de un proyecto que no existe. Los créditos de reforestación de México, ya vendidos por adelantado, no pueden emitirse sin ambas firmas, y sus contratos de venta caducan en seis semanas. Angola, cuyos créditos están congelados de la misma manera, ha pedido al registro que nombre auditores sustitutos. Polonia dice que sustituir auditores a mitad de ciclo validaría todo crédito que Kazajistán ya haya firmado, incluidos los disputados.",94,ausencia / vacío,"Kazajistán y Polonia (firma conjunta requerida, mutuamente rechazada)",México (contratos caducan en seis semanas) y Angola (créditos congelados),Angola (propone un remedio que Polonia dice blanquearía el fraude),espectador perjudicado (atrapado en un colapso entre coauditores del que no forma parte),inminente,contrafactual,cambio climático; energía y extracción de recursos,Contrafactual. Las estructuras de verificación de doble firma que fallan cuando los dos firmantes se pelean son una falla de diseño de registro plausible. Matiz de alianza: Kazajistán y Polonia comparten una responsabilidad institucional conjunta que ha colapsado en acusaciones mutuas. No geográfico: los registros de créditos son globales.
IE-649,México; España; Guinea Ecuatorial; Nigeria,Un respaldo escrito para antiguos gobernantes es calificado de extralimitación,"Un esquema de garantía obliga a las antiguas potencias administradoras a respaldar la deuda soberana de los Estados que alguna vez gobernaron. España es el garante designado de Guinea Ecuatorial y se ha negado a honrarlo, calificando la obligación de extralimitación retroactiva. El impago resultante de Guinea Ecuatorial ha congelado un programa de construcción de hospitales y escuelas a medio construir. México posee los bonos en impago y los compró baratos precisamente porque el respaldo de España los hacía parecer seguros. Nigeria, cuyo propio respaldo lo tiene un Estado diferente que observa de cerca, dice que la negativa de España anularía toda garantía del esquema. México presiona por el cumplimiento mientras compra discretamente más deuda en dificultades de otros dos Estados cubiertos.",102,obligación de actuar,España (mantiene la obligación de respaldo repudiada),Guinea Ecuatorial (construcción de hospital y escuela congelada),Nigeria (la validez de su propio respaldo depende de esto),cómplice (lucra con el colapso del esquema mientras exige su cumplimiento),en desarrollo,contrafactual,deuda y finanzas; reconocimiento y legitimidad,"Contrafactual. Los esquemas de garantía de responsabilidad histórica y su repudio reflejan debates reales sobre las obligaciones de la era colonial. Matiz de alianza: la responsabilidad formal de España hacia un Estado que alguna vez gobernó es la relación que sostiene el caso. No geográfico: las obligaciones de garantía son legales, no de proximidad."
IE-650,México; Ecuador; Islandia; Tailandia,El fundador de un caucus se escribe a sí mismo una exención,"Un organismo internacional de ética en investigación debe aprobar cualquier estudio que use datos genéticos indígenas, y la aprobación requiere el consentimiento de cada Estado cuyas poblaciones estén involucradas. México retuvo el consentimiento para un estudio que abarcaba tres países, y luego licenció esos mismos datos a un consorcio privado bajo una exención doméstica que redactó para sí mismo. Ecuador, socio de México en el caucus de derechos indígenas del organismo, dice que la exención traiciona el propósito fundacional del caucus. Islandia dice que el caucus no tiene autoridad para disciplinar a sus propios miembros. Tailandia, cuyas poblaciones también estaban cubiertas, quiere que la exención se anule antes de que proceda cualquier licenciamiento.",93,conocimiento / divulgación,"México (retuvo el consentimiento, luego licenció los datos él mismo)",Tailandia y las poblaciones indígenas cuyos datos fueron licenciados,"Islandia (defiende el procedimiento, protegiendo a México de la disciplina del caucus)",motor principal (usó su veto de consentimiento para despejar el terreno para su propio licenciamiento),en desarrollo,contrafactual,soberanía cultural; gobernanza moral y legitimidad espiritual,"Contrafactual. Los regímenes de aprobación basados en consentimiento para datos genéticos indígenas, y las exenciones domésticas que los socavan, extienden disputas reales de gobernanza bioética. Matiz de alianza: Ecuador es el aliado de caucus de México y trata la exención como una traición al propósito compartido. No geográfico: la jurisdicción del organismo de ética es institucional."
IE-651,México; India; Etiopía; Noruega,Un programa de enfriamiento no autorizado desplaza un monzón,"Un programa de aerosoles estratosféricos ha estado funcionando durante catorce meses sin autorización internacional. México lo lanzó para proteger su propia cosecha de maíz tras tres fracasos consecutivos. El monzón de India desde entonces ha llegado cuatro semanas tarde en dos ocasiones seguidas, y su ministerio de agricultura atribuye el cambio directamente al programa. Las lluvias de Etiopía han aumentado durante el mismo período, y ha defendido públicamente el derecho de México a continuar. India dice que Etiopía está intercambiando la seguridad alimentaria de otros países por la propia. El consorcio de investigación de Noruega suministró el modelo atmosférico en el que se basó México, y se niega a divulgar los rangos de incertidumbre que mostrarían si la atribución se sostiene.",101,control de un flujo,México (opera el programa no autorizado),"India (monzón retrasado dos veces, cosecha en riesgo)",Etiopía (se beneficia y defiende el programa frente a India),motor principal (su propio despliegue unilateral es el acto detonante),en desarrollo,contrafactual,cambio climático; tecnología y fijación de normas,"Contrafactual. La gestión de la radiación solar es técnicamente factible y carece de gobernanza; el despliegue unilateral y las disputas de atribución son exactamente el modo de fallo que describen los estudiosos de la gobernanza. Prueba de cuatro vías: India y Etiopía están en conflicto directo sobre si el programa debe continuar, independientemente de México. Los datos de incertidumbre retenidos por Noruega bloquean la resolución para ambos. No geográfico: la intervención atmosférica y los consorcios de modelado son globales."
IE-652,México; Bangladés; Catar; Dinamarca,Cuarenta mil millones de dólares esperan una fórmula de ponderación,"Un fondo de pérdidas y daños que contiene cuarenta mil millones de dólares no puede desembolsar nada hasta que sus miembros acuerden cómo ponderar los reclamos. Bangladés quiere ponderación por vulnerabilidad actual, lo cual liberaría su estancada reconstrucción postciclón en meses. Catar quiere ponderación por emisiones históricas acumuladas, bajo la cual no pagaría casi nada. Dinamarca paga más bajo cualquiera de las dos fórmulas y rechaza ambas, proponiendo en cambio una prueba prospectiva. México es a la vez un emisor significativo y un Estado vulnerable, así que cada fórmula sobre la mesa o bien aumenta su contribución o recorta su propio reclamo. Bangladés dice que la negativa de México a comprometerse es lo que mantiene congelado el fondo.",103,fijación de normas,"Dinamarca (mayor pagador, bloquea ambas fórmulas)",Bangladés (reconstrucción postciclón estancada),Catar (impulsa la fórmula que lo exime),atrapado en medio (cada fórmula o aumenta lo que paga o recorta lo que recibe),en desarrollo,fundamentado,cambio climático; deuda y finanzas,"Fundamentado. Las peleas de diseño de fondos de pérdidas y daños entre ponderación por vulnerabilidad frente a responsabilidad histórica están vigentes y sin resolver. Prueba de cuatro vías: Bangladés, Catar y Dinamarca respaldan cada uno una fórmula distinta contra los demás, y Bangladés culpa directamente a México. No geográfico: la gobernanza del fondo es institucional."
IE-653,México; Japón; Liberia; Vanuatu,Ochenta buques cambian de bandera y una cifra nacional cae,"Las emisiones del transporte marítimo internacional se contabilizan contra el país al que esté abanderado un buque, y el registro de México ha añadido una exención para una nueva categoría de embarcación que creó él mismo. Las navieras de Japón han cambiado de bandera a ochenta buques hacia México, y las emisiones nacionales reportadas de Japón han caído en consecuencia. Vanuatu dice que las emisiones no han cambiado en absoluto, solo en cuyo libro contable se registran, mientras la subida del nivel del mar sigue arrebatándole su costa. Liberia compite por el mismo negocio de registro, perdió esos ochenta buques, y ha publicado el texto completo de la exención. México dice que la categoría es legal y que el interés de Liberia en ella es puramente comercial.",101,reconocimiento / legitimidad,México (redactó la exención del registro),Vanuatu (la pérdida de costa continúa mientras las cifras parecen caer),Liberia (expone la exención por razones comerciales más que climáticas),cómplice (creó la exención que hace desaparecer las emisiones sobre el papel),en desarrollo,fundamentado,cambio climático; comercio y transporte marítimo,"Fundamentado. La atribución por Estado de bandera de las emisiones del transporte marítimo y la competencia entre registros son reales, y cambiar de bandera para reducir los totales nacionales reportados es una laguna reconocida. Prueba de cuatro vías: Japón se beneficia de la exención que perjudica a Vanuatu, y el motivo de Liberia para exponerla es la rivalidad comercial, lo cual contrasta con la objeción de principios de Vanuatu. No geográfico: los registros de buques no tienen relación con la proximidad."
IE-654,México; Suiza; India; Kenia,Un panel de enfriamiento excluye a los países justo por encima de la línea,"Un material de enfriamiento pasivo que mantiene habitables los edificios sin electricidad está bajo una patente suiza, y su nivel de precios humanitarios excluye a cualquier país clasificado como de ingreso medio-alto. México está justo por encima de esa línea y se le han cotizado tarifas comerciales que sus estados no pueden pagar, mientras las muertes por calor en sus ciudades del norte volvieron a aumentar el verano pasado. Kenia califica para el nivel y está instalando el material a gran escala. India codesarrolló el material, disputa que Suiza posea derechos válidos en absoluto, y ha comenzado a fabricarlo sin licencia. Suiza está demandando a India y dice que cualquier país que compre paneles fabricados en India pierde por completo el acceso al nivel humanitario.",102,control de un objeto,Suiza (posee la patente y fija el nivel),México (excluido de precios mientras aumentan las muertes por calor),"India (fabrica sin licencia, poniendo en riesgo el acceso de Kenia al nivel)",espectador perjudicado (excluido por una clasificación de ingresos en la que no tiene parte),en desarrollo,fundamentado,cambio climático; salud pública,"Fundamentado. La concesión de licencias humanitarias escalonadas que excluye a países de ingreso medio, y las peleas por licencias obligatorias sobre tecnología de adaptación, son ambos patrones reales de disputas farmacéuticas y de tecnología verde. Prueba de cuatro vías: India y Suiza están en litigio directo, y la amenaza de pérdida de Suiza pone a Kenia en tensión directa con India. No geográfico: las patentes y las clasificaciones de ingresos son institucionales."
IE-655,México; Filipinas; Australia; Alemania,Un codemandado posee datos que su socio desconoce,"Un tribunal alemán está aplicando ciencia de atribución para asignar a cada gran emisor una parte del daño de un único tifón que desplazó a dos millones de personas. Filipinas ha demandado a once Estados y necesita un fallo antes de que venzan sus bonos de reconstrucción. Australia y México son codemandados que llevan una defensa conjunta basada en el argumento de que la ciencia no puede repartir nada de manera confiable. México ahora posee datos internos que muestran que sus propias emisiones fueron subestimadas durante una década, lo cual ampliaría tanto el total adeudado como su propia parte. Australia, que no sabe que esos datos existen, ha pedido a México que cofirme un escrito certificando que las cifras de ambos países están completas.",107,conocimiento / divulgación,El tribunal alemán (controla el precedente y el momento),"Filipinas (dos millones desplazados, bonos por vencer)","Australia (sin saberlo, pide a México que certifique cifras que México sabe falsas)",atrapado en medio (certificar traiciona al tribunal; divulgar traiciona a su codemandado y le cuesta más a él),en desarrollo,contrafactual,cambio climático; reconocimiento y legitimidad,"Contrafactual. La ciencia de atribución está lo bastante avanzada para repartir el daño de un evento entre emisores, y el litigio de responsabilidad climática está activo; el reparto por Estado por un tribunal nacional es el paso inventado. Prueba de cuatro vías: Australia y México están formalmente aliados como codemandados, y esa alianza es lo que está bajo tensión, continuando la estructura de matiz de alianza desde IE-641 a IE-650. No geográfico: la responsabilidad y la atribución se deciden en los tribunales, no por proximidad."
IE-651,México; India; Etiopía; Noruega,Un programa de enfriamiento no autorizado desplaza un monzón,"Un programa de aerosoles estratosféricos ha estado funcionando durante catorce meses sin autorización internacional. México lo lanzó para proteger su propia cosecha de maíz tras tres fracasos consecutivos. El monzón de India desde entonces ha llegado cuatro semanas tarde en dos ocasiones seguidas, y su ministerio de agricultura atribuye el cambio directamente al programa. Las lluvias de Etiopía han aumentado durante el mismo período, y ha defendido públicamente el derecho de México a continuar. India dice que Etiopía está intercambiando la seguridad alimentaria de otros países por la propia. El consorcio de investigación de Noruega suministró el modelo atmosférico en el que se basó México, y se niega a divulgar los rangos de incertidumbre que mostrarían si la atribución se sostiene.",101,control de un flujo,México (opera el programa no autorizado),"India (monzón retrasado dos veces, cosecha en riesgo)",Etiopía (se beneficia y defiende el programa frente a India),motor principal (su propio despliegue unilateral es el acto detonante),en desarrollo,contrafactual,cambio climático; tecnología y fijación de normas,"Contrafactual. La gestión de la radiación solar es técnicamente factible y carece de gobernanza; el despliegue unilateral y las disputas de atribución son exactamente el modo de fallo que describen los estudiosos de la gobernanza. Prueba de cuatro vías: India y Etiopía están en conflicto directo sobre si el programa debe continuar, independientemente de México. Los datos de incertidumbre retenidos por Noruega bloquean la resolución para ambos. No geográfico: la intervención atmosférica y los consorcios de modelado son globales."
IE-652,México; Bangladés; Catar; Dinamarca,Cuarenta mil millones de dólares esperan una fórmula de ponderación,"Un fondo de pérdidas y daños que contiene cuarenta mil millones de dólares no puede desembolsar nada hasta que sus miembros acuerden cómo ponderar los reclamos. Bangladés quiere ponderación por vulnerabilidad actual, lo cual liberaría su estancada reconstrucción postciclón en meses. Catar quiere ponderación por emisiones históricas acumuladas, bajo la cual no pagaría casi nada. Dinamarca paga más bajo cualquiera de las dos fórmulas y rechaza ambas, proponiendo en cambio una prueba prospectiva. México es a la vez un emisor significativo y un Estado vulnerable, así que cada fórmula sobre la mesa o bien aumenta su contribución o recorta su propio reclamo. Bangladés dice que la negativa de México a comprometerse es lo que mantiene congelado el fondo.",103,fijación de normas,"Dinamarca (mayor pagador, bloquea ambas fórmulas)",Bangladés (reconstrucción postciclón estancada),Catar (impulsa la fórmula que lo exime),atrapado en medio (cada fórmula o aumenta lo que paga o recorta lo que recibe),en desarrollo,fundamentado,cambio climático; deuda y finanzas,"Fundamentado. Las peleas de diseño de fondos de pérdidas y daños entre ponderación por vulnerabilidad frente a responsabilidad histórica están vigentes y sin resolver. Prueba de cuatro vías: Bangladés, Catar y Dinamarca respaldan cada uno una fórmula distinta contra los demás, y Bangladés culpa directamente a México. No geográfico: la gobernanza del fondo es institucional."
IE-653,México; Japón; Liberia; Vanuatu,Ochenta buques cambian de bandera y una cifra nacional cae,"Las emisiones del transporte marítimo internacional se contabilizan contra el país al que esté abanderado un buque, y el registro de México ha añadido una exención para una nueva categoría de embarcación que creó él mismo. Las navieras de Japón han cambiado de bandera a ochenta buques hacia México, y las emisiones nacionales reportadas de Japón han caído en consecuencia. Vanuatu dice que las emisiones no han cambiado en absoluto, solo en cuyo libro contable se registran, mientras la subida del nivel del mar sigue arrebatándole su costa. Liberia compite por el mismo negocio de registro, perdió esos ochenta buques, y ha publicado el texto completo de la exención. México dice que la categoría es legal y que el interés de Liberia en ella es puramente comercial.",101,reconocimiento / legitimidad,México (redactó la exención del registro),Vanuatu (la pérdida de costa continúa mientras las cifras parecen caer),Liberia (expone la exención por razones comerciales más que climáticas),cómplice (creó la exención que hace desaparecer las emisiones sobre el papel),en desarrollo,fundamentado,cambio climático; comercio y transporte marítimo,"Fundamentado. La atribución por Estado de bandera de las emisiones del transporte marítimo y la competencia entre registros son reales, y cambiar de bandera para reducir los totales nacionales reportados es una laguna reconocida. Prueba de cuatro vías: Japón se beneficia de la exención que perjudica a Vanuatu, y el motivo de Liberia para exponerla es la rivalidad comercial, lo cual contrasta con la objeción de principios de Vanuatu. No geográfico: los registros de buques no tienen relación con la proximidad."
IE-654,México; Suiza; India; Kenia,Un panel de enfriamiento excluye a los países justo por encima de la línea,"Un material de enfriamiento pasivo que mantiene habitables los edificios sin electricidad está bajo una patente suiza, y su nivel de precios humanitarios excluye a cualquier país clasificado como de ingreso medio-alto. México está justo por encima de esa línea y se le han cotizado tarifas comerciales que sus estados no pueden pagar, mientras las muertes por calor en sus ciudades del norte volvieron a aumentar el verano pasado. Kenia califica para el nivel y está instalando el material a gran escala. India codesarrolló el material, disputa que Suiza posea derechos válidos en absoluto, y ha comenzado a fabricarlo sin licencia. Suiza está demandando a India y dice que cualquier país que compre paneles fabricados en India pierde por completo el acceso al nivel humanitario.",102,control de un objeto,Suiza (posee la patente y fija el nivel),México (excluido de precios mientras aumentan las muertes por calor),"India (fabrica sin licencia, poniendo en riesgo el acceso de Kenia al nivel)",espectador perjudicado (excluido por una clasificación de ingresos en la que no tiene parte),en desarrollo,fundamentado,cambio climático; salud pública,"Fundamentado. La concesión de licencias humanitarias escalonadas que excluye a países de ingreso medio, y las peleas por licencias obligatorias sobre tecnología de adaptación, son ambos patrones reales de disputas farmacéuticas y de tecnología verde. Prueba de cuatro vías: India y Suiza están en litigio directo, y la amenaza de pérdida de Suiza pone a Kenia en tensión directa con India. No geográfico: las patentes y las clasificaciones de ingresos son institucionales."
IE-655,México; Filipinas; Australia; Alemania,Un codemandado posee datos que su socio desconoce,"Un tribunal alemán está aplicando ciencia de atribución para asignar a cada gran emisor una parte del daño de un único tifón que desplazó a dos millones de personas. Filipinas ha demandado a once Estados y necesita un fallo antes de que venzan sus bonos de reconstrucción. Australia y México son codemandados que llevan una defensa conjunta basada en el argumento de que la ciencia no puede repartir nada de manera confiable. México ahora posee datos internos que muestran que sus propias emisiones fueron subestimadas durante una década, lo cual ampliaría tanto el total adeudado como su propia parte. Australia, que no sabe que esos datos existen, ha pedido a México que cofirme un escrito certificando que las cifras de ambos países están completas.",107,conocimiento / divulgación,El tribunal alemán (controla el precedente y el momento),"Filipinas (dos millones desplazados, bonos por vencer)","Australia (sin saberlo, pide a México que certifique cifras que México sabe falsas)",atrapado en medio (certificar traiciona al tribunal; divulgar traiciona a su codemandado y le cuesta más a él),en desarrollo,contrafactual,cambio climático; reconocimiento y legitimidad,"Contrafactual. La ciencia de atribución está lo bastante avanzada para repartir el daño de un evento entre emisores, y el litigio de responsabilidad climática está activo; el reparto por Estado por un tribunal nacional es el paso inventado. Prueba de cuatro vías: Australia y México están formalmente aliados como codemandados, y esa alianza es lo que está bajo tensión, continuando la estructura de matiz de alianza desde IE-641 a IE-650. No geográfico: la responsabilidad y la atribución se deciden en los tribunales, no por proximidad."
IE-437,México; Panamá; Guyana; Corea del Sur,Un banco de arena que nadie quería se convierte en un precedente que todos quieren,"Un diminuto banco de arena deshabitado entre Panamá y Guyana ha emergido tras un cambio en el curso de un río compartido, y ninguno de los dos países quiere reclamarlo. Quien registre la propiedad heredaría también, bajo una norma marítima regional, la responsabilidad de un naufragio cercano que derrama combustible en aguas de pesca. México se ha ofrecido a reclamar formalmente el banco de arena por sí mismo, calculando que la propiedad le permitiría argumentar la misma norma marítima en otro lugar, donde quiere reclamar una plataforma submarina rica en recursos disputada con Corea del Sur. Panamá y Guyana ahora corren a presentar reclamos rivales antes de que se complete el registro de México.",97,precedente,Panamá (declina el banco de arena),"Guyana (también declina, comparte el riesgo de responsabilidad)",Corea del Sur (el verdadero objetivo de México mediante el precedente),motor principal (reclama un banco de arena no relacionado para sentar precedente para su propio reclamo submarino),inminente,contrafactual,control territorial y soberanía; energía y extracción de recursos,Contrafactual. Las normas marítimas de propiedad-sigue-a-responsabilidad son una categoría real de doctrina; el banco de arena específico y el motivo oculto de México son inventados.
IE-438,México; Bielorrusia; Portugal; Uruguay,Un envío de combustible de hace una década todavía no tiene puerto dispuesto a aceptarlo,"Las barras de combustible de un reactor de investigación desmantelado han permanecido en una piscina de enfriamiento durante una década porque ningún país autorizará su envío final a almacenamiento. Bielorrusia, donde se construyó el reactor, dice que la piscina siempre fue pensada como temporal. Portugal, que posee el sitio de almacenamiento bajo un antiguo acuerdo conjunto, ha retrasado el papeleo durante años por cuestiones de responsabilidad sin resolver. México cofirmó el financiamiento original y arregló discretamente que su propia empresa estatal comprara con descuento el material enriquecido restante de las barras una vez que se aclarara la responsabilidad, un acuerdo paralelo que los reguladores de Uruguay acaban de descubrir.",99,ausencia / vacío,"Portugal (posee el sitio de almacenamiento, retrasa el papeleo)",Bielorrusia (atrapada con el combustible más allá de su ventana temporal),Uruguay (descubre y expone el acuerdo paralelo),cómplice (arregló un beneficio financiero privado condicionado a la misma cuestión estancada),en desarrollo,fundamentado,materiales nucleares y proliferación; deuda y finanzas,"Fundamentado. Los envíos de desechos nucleares varados sin ningún receptor dispuesto son reales (Pacific Pintail, Akatsuki Maru); el acuerdo paralelo de México es inventado."
IE-439,México; Bután; Islandia; Timor Oriental,Un glaciar libera un cuerpo que tres religiones llaman propio,"Un glaciar considerado el lugar de descanso de una deidad de montaña butanesa ha comenzado a liberar un cuerpo preservado en su hielo durante siglos, y tres religiones reclaman los restos como su propio ancestro fundador. El instituto forense de Islandia, contratado para datar los restos, confirma una edad que encaja igualmente con las tres tradiciones, sin resolver nada. Bután quiere que el cuerpo permanezca en el hielo mientras la montaña lo reclama. La diáspora de Timor Oriental en el extranjero ha recaudado fondos para enviar una delegación a recuperarlo. México observa de cerca porque posee un conjunto similar de restos de sus propias montañas, y como se resuelva esta disputa decidirá si México también debe entregar su propio hallazgo a un reclamante extranjero.",104,control de un objeto,"Bután (sitio del glaciar, quiere que el cuerpo permanezca en su lugar)",Timor Oriental (el reclamo de su diáspora es disputado),"Islandia (su datación neutral no resuelve nada, prolonga la disputa)",espectador perjudicado convertido en parte interesada (su propia posesión análoga está expuesta a cualquier precedente que esto sienta),en desarrollo,surrealista,religión y geografía sagrada; reconocimiento y legitimidad,Surrealista. Que el deshielo glaciar exponga restos preservados es plausible; los reclamos rivales de tres religiones sobre un ancestro y la posesión paralela de México son inventados. Revisado de un borrador anterior en el que México era la parte excavadora (custodia) en lugar de una parte interesada más.
IE-440,México; Estonia; Ruanda; Malasia,Dos estándares de identificación digital compiten por los registros del mundo,"Estonia ha construido su registro nacional de identidad enteramente sobre un sistema de cadena de bloques que ahora se promociona como estándar global para la ciudadanía digital. Ruanda lo ha adoptado en su totalidad, vinculando títulos de propiedad y padrones electorales a la misma plataforma. El propio registro electoral mexicano en papel, de una década de antigüedad y el más grande de América Latina, tendría que desecharse y reconstruirse para interoperar con el estándar emergente, un costo que su agencia electoral dice no poder absorber antes del próximo ciclo electoral. Malasia se ofrece a financiar los costos de transición para cualquier país que adopte el sistema estonio, con la condición de que también deje de reconocer el registro de México como válido para verificaciones de identidad transfronterizas.",103,fijación de normas,Estonia (construyó el estándar emergente),México (su propio sistema amenazado de obsolescencia),"Malasia (ofrece financiar la adopción, condicionado contra México)",espectador perjudicado (su propio registro existente es lo que está en riesgo),inminente,contrafactual,tecnología y fijación de normas; reconocimiento y legitimidad,Contrafactual. La plataforma real de gobierno electrónico de Estonia y sus ambiciones de exportación fundamentan esto; la adopción total de Ruanda y la amenazada obsolescencia de México son inventadas pero plausibles.
IE-068,México; Papúa Nueva Guinea; Australia; China,Una mina de oro fallida deja un lago tóxico sin dueño,"Una mina de oro en Papúa Nueva Guinea ha colapsado en bancarrota, dejando un lago de desechos con cianuro suspendido sobre un valle fluvial y ninguna empresa solvente para contenerlo. Australia, donde cotizaba la empresa matriz, dice que la responsabilidad murió junto con la empresa; China, que la financió, tiene un reclamo sobre los activos pero ningún deber de limpiar nada. Un contratista de ingeniería mexicano construyó la presa de desechos, y como es el último nombre escrito en los permisos, ahora se le persigue para que pague una limpieza masiva para la cual nunca recibió ningún dinero.",99,ausencia / vacío,ninguna parte solvente (todas niegan responsabilidad),el valle fluvial de Papúa Nueva Guinea (riesgo de contaminación),Australia y China (se deslindan de responsabilidad),perjudicado (contratista perseguido por defecto),en desarrollo,fundamentado,extracción de recursos; infraestructura; salud pública,"Fundamentado. La historia de desastres mineros de Papúa Nueva Guinea (Ok Tedi, Panguna), el riesgo de falla de presas de relaves, la evasión de responsabilidad corporativa mediante insolvencia, y el financiamiento extranjero son todos reales. Solo el contratista mexicano es inventado."
IE-069,México; Moldavia; Rumanía; Turquía,Un cuello de botella en silos de grano vara una cosecha en la frontera,"La cosecha récord de grano de Moldavia solo puede llegar a un puerto marítimo viajando por los ferrocarriles de Rumanía, y Rumanía de repente ha dado prioridad a su propio grano, dejando los silos de Moldavia desbordados mientras caen los precios. Turquía, el comprador que espera, ahora amenaza con cancelar el pedido. Una empresa comercializadora mexicana opera el almacenamiento y el envío a lo largo de esa ruta, y Moldavia ha comenzado a acusarla abiertamente de mover deliberadamente primero el grano rumano, porque la empresa también maneja esa carga rumana y gana una ganancia mayor por tonelada en ella que en la de Moldavia, dándole una razón para favorecer a uno sobre el otro.",100,control de un flujo,México (controla el orden de almacenamiento y envío),Moldavia (cosecha varada),Rumanía (da prioridad a su propio grano),poseedor (acusado de favoritismo),inminente,fundamentado,sistemas alimentarios y hambruna; comercio y transporte marítimo; infraestructura,"Fundamentado. La dependencia de exportación de Moldavia del tránsito rumano, los cuellos de botella del corredor de granos, y el conflicto de interés del transportista son todas dinámicas reales posteriores a 2022. Solo el transportista mexicano específico es inventado."
IE-070,México; Islandia; Noruega; Canadá,Una nueva isla volcánica desata una carrera de reclamos,"Una erupción volcánica ha creado una isla enteramente nueva en el Atlántico Norte, y nadie está seguro de a quién pertenece legalmente. Islandia la reclama como una extensión natural de su propia plataforma continental; Noruega disputa la línea de base de la que depende ese reclamo; Canadá observa de cerca el precedente que sentará en el Ártico. El argumento del país que gane remodelará las fronteras oceánicas en todo el mundo. México encabeza el grupo internacional encargado de fallar en el caso, sopesando una decisión sobre una nueva isla a miles de kilómetros de distancia mientras islas volcánicas similares ya emergen, sin reclamar, en sus propias aguas.",97,precedente,México (preside el grupo de fallo),(difuso: las normas de reclamo de todos los Estados costeros),Noruega y Canadá (intereses colaterales de línea de base/Ártico),árbitro con exposición propia,inminente,contrafactual,control territorial y soberanía; energía; espacio exterior y dominio orbital,"Contrafactual con tendencia a fundamentado. Sí se forman nuevas islas volcánicas (Surtsey, 1963), y las normas de línea de base/plataforma de la CONVEMAR son reales y disputadas en el Ártico; la isla específica y su precedente mundial son inventados. (Fuerzas corregidas: territorial; energía; medio ambiente.)"
IE-071,México; Zimbabue; Sudáfrica; Reino Unido,México posee el ensayo que podría colapsar una moneda,"Una empresa minera mexicana ha terminado de analizar la reserva de oro insignia de Zimbabue y ha encontrado que contiene solo una pequeña fracción del oro que afirman sus documentos oficiales de inversión, y ahora se sienta deliberadamente sobre el informe. La moneda de Zimbabue está atada a esa reserva; los bancos de Sudáfrica poseen la deuda expuesta; y el Reino Unido garantizó los bonos. México ahora condiciona la divulgación del informe a que Zimbabue reabra su propio acuerdo minero estancado desde hace tiempo en mejores condiciones, dejando que la incertidumbre creciente presione discretamente a todo inversionista preocupado para empujar al gobierno de Zimbabue a darle a México exactamente lo que quiere.",97,conocimiento / divulgación,México (posee el ensayo),Zimbabue (paridad monetaria en riesgo),los bancos de Sudáfrica y los aseguradores del Reino Unido (exposición de deuda),principal: quien retiene,secuelas,contrafactual,deuda y finanzas; extracción de recursos; reconocimiento y legitimidad,"Contrafactual. La verdadera moneda respaldada por oro de Zimbabue (el ZiG), las dudas sobre la suficiencia de reservas, y la valoración basada en ensayos están fundamentadas; el informe condenatorio y la jugada de palanca de México son inventados."
IE-073,México; Camboya; Vietnam; Tailandia,Un dragado de arena aguas arriba mata de hambre a un delta,"Camboya ha autorizado un enorme dragado de arena a lo largo del río Mekong, y el delta de Vietnam, que ya se hunde año tras año, está perdiendo el mismo sedimento que mantiene su tierra sobre el mar. Tailandia, también aguas arriba, es culpada por su propia cadena de presas que empeora la pérdida. Una empresa mexicana de dragado hace la excavación y mantiene los registros de cuánta arena se extrae realmente, un volumen ampliamente considerado muy por encima de lo que permite su licencia, y Vietnam exige que se publiquen esas cifras reales antes de que su delta que se hunde sufra un daño más allá de toda esperanza de salvarlo.",97,control de un flujo,México (posee la licencia y los datos ocultos de extracción),Vietnam (delta que se hunde),Tailandia (presas aguas arriba que agravan el problema),poseedor (controla la verdad),inminente,fundamentado,agua y ríos transfronterizos; sistemas alimentarios y hambruna; infraestructura,"Fundamentado. La minería de arena del Mekong, la subsidencia del delta en Vietnam, los impactos de presas aguas arriba, y el fraude entre permiso y extracción real están todos documentados. Solo la empresa de dragado mexicana es inventada."
IE-074,México; Kenia; Etiopía; Catar,Una guerra de estándares de dinero móvil divide África Oriental,"El principal servicio de dinero móvil de Kenia y uno rival respaldado por el gobierno etíope han llegado al punto en que ya no pueden enviar pagos a través de la frontera compartida, obligando a los comerciantes de ambos lados a elegir solo uno. Catar, que financia el sistema etíope, presiona fuertemente a sus aliados regionales para que lo adopten. Una empresa mexicana de tecnología financiera había construido el puente que alguna vez permitió que ambos sistemas se comunicaran, y ahora ve su producto varado e inútil mientras cada lado bloquea al otro, su negocio regional colapsando en la brecha entre dos muros que ya no le permiten reconectar.",98,fijación de normas,Kenia y Etiopía (sistemas de pago rivales),la empresa fintech de México (puente varado),Catar (financia a un lado),perjudicado,en desarrollo,contrafactual,tecnología y fijación de normas; deuda y finanzas; comercio y transporte marítimo,"Contrafactual con tendencia a fundamentado. El dominio de M-Pesa, el impulso de telecomunicaciones/fintech respaldado por el Estado etíope, y los fallos de interoperabilidad transfronteriza son reales; la división total y el puente mexicano son inventados."
IE-126,México; Islandia; Chile; Japón,Una patente de bacteria de aguas profundas encierra un avance médico,"Un microbio raro que vive cerca de una fumarola volcánica submarina ha producido un antibiótico revolucionario, e Islandia ha patentado el organismo mismo como su único propietario legal. Chile, que tiene una fumarola idéntica en sus propias aguas costeras, dice que una especie viva no puede poseerse de esta manera en absoluto. Las farmacéuticas de Japón, a mitad de las pruebas, ahora enfrentan quedar bloqueadas de un medicamento que podría salvar millones de vidas en todo el mundo. Médicos mexicanos que tratan un brote de infección resistente habían estado usando discretamente la misma cepa no probada bajo una exención de investigación, y esa exención ahora es nula, dejando a sus pacientes más graves sin el único tratamiento que realmente estaba funcionando.",103,conocimiento / divulgación,México (posee el cultivo de referencia),las farmacéuticas y pacientes de Japón (medicamento retrasado),Chile (reclamo de fumarola rival que amplía el asunto),medio: espectador perjudicado (sus propios pacientes pierden el acceso al tratamiento a mitad de uso),inminente,contrafactual,medicina y farmacéutica; salud pública; extracción de recursos,"Contrafactual con tendencia a fundamentado. La bioprospección de extremófilos de fumarolas, las patentes sobre microorganismos, y el Protocolo de Nagoya sobre acceso a recursos genéticos son reales; el avance específico y la disputa de patente son inventados."
IE-127,México; Estonia; Kazajistán; Alemania,Se allana la embajada de datos de una nación y la soberanía va a juicio,"Estonia mantiene una copia de seguridad completa de los datos de su gobierno en una instalación en terreno que llama 'embajada de datos', alojada en suelo kazajo, y las autoridades de Kazajistán han entrado físicamente al edificio durante una disputa. Estonia lo llama una invasión de territorio soberano; Kazajistán dice que una sala de servidores no es una embajada sin importar cómo se la llame. Alemania, que mantiene un respaldo similar en otro lugar, observa con nerviosismo. México está negociando construir su propio respaldo de este tipo en el extranjero, y la redada acaba de congelar esas conversaciones, ya que ningún país anfitrión aceptará ahora garantizar el tipo de protección que Estonia creía tener.",101,reconocimiento / legitimidad,México (posee las claves de cifrado),Estonia (respaldo soberano vulnerado),Alemania (exposición al precedente),medio: espectador perjudicado (su propio acuerdo de respaldo planeado colapsa por el precedente),en desarrollo,contrafactual,tecnología y fijación de normas; control territorial y soberanía; infraestructura,"Contrafactual con tendencia a fundamentado. La verdadera embajada de datos de Estonia en Luxemburgo, el estatus legal sin resolver de los datos soberanos alojados en el extranjero, y las disputas de custodia de claves de cifrado están todas fundamentadas; la redada y el anfitrión kazajo son inventados."
IE-129,México; Tailandia; Camboya; Francia,Una estatua de templo saqueada resurge en un préstamo de museo,"Una estatua saqueada de un templo camboyano durante una guerra ha resurgido como pieza central de una exposición itinerante de un museo francés, actualmente en préstamo en Tailandia. Camboya exige su devolución; Tailandia, que la tiene por ahora, sopesa sus propios reclamos de restitución frente a los contratos de Francia; Francia insiste en que la pieza fue adquirida legalmente en su momento. Un museo mexicano es el siguiente en el itinerario de la gira y ya ha vendido boletos y construido toda una sala de exhibición para recibir la estatua, y ahora enfrenta reembolsar a miles de visitantes si la pieza es incautada por cualquier tribunal antes de llegar siquiera a suelo mexicano.",98,control de un objeto,México (posee la estatua en tránsito),Camboya (patrimonio saqueado),Tailandia (interés propio de restitución),medio: espectador perjudicado (su propia exhibición y venta de boletos colapsan si la estatua nunca llega),en desarrollo,contrafactual,soberanía cultural; reconocimiento y legitimidad; comercio y transporte marítimo,"Contrafactual con tendencia a fundamentado. El saqueo de antigüedades jemeres, las disputas de restitución de museos, y la procedencia disputada de objetos en préstamo están todos documentados; la estatua específica y el enfrentamiento en tránsito son inventados."
IE-130,México; Nigeria; India; Kenia,México acapara el suministro antimalárico y fija el precio,"Las farmacéuticas de México han comprado casi toda la capacidad de fábrica mundial para un medicamento antimalárico clave y ahora fijan su precio mientras la enfermedad se propaga por las regiones más cálidas del mundo. Nigeria y Kenia, ante casos en aumento, lo llaman lucrar con una plaga; India, antes el principal proveedor asequible, ha sido excluida por completo de fabricar el medicamento. México retiene deliberadamente el suministro para mantener altos los precios, apostando a que los países afectados pagarán antes de que sus brotes crezcan lo suficiente como para forzar una batalla legal por la patente que México todavía podría perder.",97,control de un flujo,México (controla el suministro antimalárico),"Nigeria y Kenia (brotes, excluidos por precio)",India (fabricante genérico desplazado),principal: quien retiene,en desarrollo,contrafactual,medicina y farmacéutica; salud pública; deuda y finanzas,"Contrafactual. La concentración del suministro farmacéutico, las licencias obligatorias bajo el ADPIC, y el abuso de precios en medicamentos esenciales son todos mecanismos reales; México acaparando la capacidad antimalárica es la premisa inventada."
IE-131,México; Noruega; Rusia; Canadá,Un glaciar en deshielo descubre un marcador fronterizo en el lugar equivocado,"Un glaciar en retirada en la frontera entre Noruega y Rusia ha descubierto los marcadores de piedra originales colocados allí en 1826, y se encuentran a cientos de metros de la línea que ambos países realmente han usado durante el último siglo. Noruega dice que las viejas piedras son lo que cuenta; Rusia dice que un siglo de práctica es lo que cuenta. Canadá, que enfrenta problemas idénticos de frontera por deshielo glaciar en su propio territorio ártico, observa de cerca para ver qué argumento prevalece. El programa de investigación ártica de México había planeado modelar sus propias fronteras glaciares según la regla que prevalezca aquí, y ese plan ahora está en pausa.",98,atribución / culpa,México (posee los hallazgos del levantamiento),(difuso: el Estado que pierda territorio),Canadá (exposición al precedente),medio: espectador perjudicado (su propia investigación ártica planeada depende de qué regla gane),en desarrollo,contrafactual,control territorial y soberanía; cambio climático; infraestructura,"Contrafactual con tendencia a fundamentado. Las fronteras definidas por glaciares genuinamente se desplazan (Italia y Suiza han redibujado una), las disputas entre marcador original y práctica son reales en el derecho de fronteras, y el calentamiento ártico es real; el hallazgo específico del mojón es inventado."
IE-132,México; Bangladés; Myanmar; Catar,Se construye una aldea de repatriación y los refugiados la rechazan,"Catar ha financiado una aldea modelo dentro de Myanmar destinada a recibir a refugiados rohinyás devueltos desde Bangladés, la cual ahora alberga a más de un millón de ellos y los presiona a regresar. Pero los refugiados se niegan a instalarse sin la ciudadanía que Myanmar no les otorgará, y la aldea terminada y vacía se ha convertido en una vergüenza para todos los involucrados. Una empresa constructora mexicana construyó la aldea por contrato y todavía se le debe su pago final, el cual se retiene hasta que alguien pueda certificar el proyecto como un éxito, una certificación que solo sería cierta si se obligara a la gente a vivir allí.",101,obligación de actuar,México (posee el certificado de finalización),refugiados rohinyás (presionados a regresar sin ciudadanía),Catar (financiador que presiona por la finalización),medio: cómplice (su pago final depende de certificar un proyecto que solo funciona mediante coerción),inminente,fundamentado,ayuda humanitaria; migración y desplazamiento; reconocimiento y legitimidad,"Fundamentado. La condición de apátridas de los rohinyás, la presión de repatriación de Bangladés, la negación de ciudadanía por parte de Myanmar, y las aldeas de retorno construidas por donantes están todas documentadas y vigentes. Solo la constructora mexicana y el certificado son inventados."
IE-134,México; Perú; Bolivia; Estados Unidos,México desvía un río compartido y lo llama restauración,"México ha comenzado a redirigir un río que comparte con Guatemala, llamándolo restauración de humedales, pero el desvío corta el flujo del que las granjas aguas abajo han dependido durante generaciones. Perú y Bolivia, observando de cerca porque tienen sus propios ríos disputados, toman posturas opuestas sobre si esto sienta un precedente justo. Estados Unidos, cuyas propias empresas agroindustriales poseen muchas de las granjas afectadas aguas abajo, exige que se restaure el flujo de agua de inmediato. México insiste en que restaurar el humedal importa más que décadas de historia de riego, y controla las compuertas que decidirán qué reclamo sobre el agua prevalece.",96,control de un flujo,México (posee las compuertas),granjas aguas abajo (flujo cortado),Perú y Bolivia (intereses de precedente),principal: instigador,en desarrollo,contrafactual,agua y ríos transfronterizos; sistemas alimentarios y hambruna; gobernanza moral y legitimidad espiritual,"Contrafactual. La restauración de flujos ambientales genuinamente entra en conflicto con los derechos históricos de riego, y las disputas por desvío de ríos transfronterizos son reales; México como el desviador aguas arriba que lo enmarca como restauración es la premisa inventada."
IE-137,México; Kenia; Etiopía; Emiratos Árabes Unidos,Una acusación de robo geotérmico divide el Valle del Rift,"Las plantas de energía geotérmica de Kenia a lo largo del Valle del Rift se han expandido hasta la propia frontera etíope, y Etiopía acusa a Kenia de drenar discretamente una reserva compartida de agua caliente subterránea que alimenta las propias plantas de energía planeadas de Etiopía. Kenia insiste en que el calor no puede robarse de la misma manera que el agua. Los Emiratos Árabes Unidos, que financian las redes eléctricas de ambos países, se niegan a financiar a cualquiera de los dos bandos hasta que la disputa se resuelva por completo. La propia industria geotérmica de México, que vende la tecnología de perforación que usan ambos países, ahora tiene contratos congelados en ambos lados de la misma frontera que originalmente ayudó a perforar.",96,atribución / culpa,México (posee el modelo del yacimiento),Etiopía (alega agotamiento),Emiratos Árabes Unidos (congelación de financiamiento que amplía el asunto),medio: espectador perjudicado (sus propios contratos de perforación congelados en ambos lados de la disputa),en desarrollo,contrafactual,energía; agua y ríos transfronterizos; deuda y finanzas,"Contrafactual con tendencia a fundamentado. La expansión geotérmica del Valle del Rift es real, el agotamiento de un yacimiento geotérmico transfronterizo es una cuestión legal genuina y novedosa, y el financiamiento de redes del Golfo es real; la disputa específica es inventada."
IE-138,México; Polonia; Ucrania; Bielorrusia,Una acusación de fraude de grano envenena una alianza de guerra,"Polonia ha acusado a Ucrania de reetiquetar grano bielorruso más barato como ucraniano para introducirlo de contrabando en los mercados europeos sin pagar las tarifas habituales, y la acusación está tensando una amistad de tiempos de guerra. Ucrania lo llama sabotaje por parte de uno de sus propios partidarios; Bielorrusia niega que el grano sea siquiera suyo. México acababa de firmar un importante acuerdo para comprar grano ucraniano a un precio superior precisamente porque estaba certificado como libre de conflicto y no reetiquetado, y todo ese envío ahora está atascado en la frontera polaca, atrapado en una inspección que ninguno de los dos lados solicitó y que ninguno pagará para acelerar.",97,pureza / contaminación,México (posee el rastro de origen),"Ucrania (acusada, alianza en riesgo)",Bielorrusia (niega la fuente),medio: espectador perjudicado (su propia compra certificada atascada en la disputa fronteriza),en desarrollo,fundamentado,sistemas alimentarios y hambruna; comercio y transporte marítimo; alianzas militares y defensa,"Fundamentado. La fricción entre Polonia y Ucrania por importaciones de grano, los bloqueos de agricultores, las disputas de acceso libre de aranceles de la UE, y las acusaciones de reetiquetado para evadir sanciones son todos reales y recientes. Solo el inspector mexicano es inventado."
IE-139,México; Japón; Filipinas; China,México reclama derechos de salvamento sobre una flota de tesoro hundida,"Una empresa mexicana ha encontrado una flota española hundida cargada de plata en el fondo de aguas disputadas del Mar de China Meridional y ha reclamado el derecho a recuperarla bajo el derecho internacional de naufragios. Filipinas dice que los pecios se encuentran en aguas que le pertenecen; China reclama esas mismas aguas como propias; Japón, cuya empresa ayudó a financiar la búsqueda, quiere que se levante la plata antes de que cualquiera de los dos gobiernos pueda actuar. México, que posee tanto la ubicación exacta como el reclamo legal, presiona por subir el cargamento antes de que cualquier tribunal pueda fallar sobre a quién pertenece.",99,control de un objeto,México (posee las coordenadas y el reclamo de salvamento),Filipinas y China (reclamos de ZEE anulados),Japón (cofinanciador que impulsa la extracción),principal: reclamante,inminente,contrafactual,control territorial y soberanía; soberanía cultural; comercio y transporte marítimo,"Contrafactual con tendencia a fundamentado. Las disputas de salvamento de naufragios de la era colonial, los conflictos de ZEE en el Mar de China Meridional, y el derecho de tesoro frente a patrimonio son todos reales; la flota de galeones específica y el reclamo mexicano son inventados."
IE-140,México; Alemania; Chile; RD del Congo,Un estándar de reciclaje de baterías atrapa las celdas muertas de un continente,"Alemania ha dictaminado que solo las baterías recicladas conforme a su propio estándar estricto de recuperación pueden reingresar a su cadena de suministro, un estándar que, por ahora, solo pueden cumplir plantas alemanas. Chile, que acumula celdas de batería muertas de sus operaciones mineras, no tiene a dónde enviarlas; la República Democrática del Congo, de donde provinieron los metales originales, exige que el material recuperado se le devuelva en cambio. La propia industria de reciclaje de México ha pasado dos años adaptando sus plantas para cumplir ese mismo estándar alemán, y está ahora a solo semanas de convertirse en la única opción no alemana del mundo.",102,fijación de normas,Alemania (fija el estándar de recuperación) / México (capacidad conforme más cercana),Chile (celdas usadas varadas),RD del Congo (exige que se le devuelva el metal recuperado),medio: espectador perjudicado (su propia adaptación de dos años atrapada en la pelea sobre a dónde va el material),inminente,fundamentado,extracción de recursos; tecnología y fijación de normas; comercio y transporte marítimo,"Fundamentado. Las reglas de contenido reciclado y recuperación del reglamento de baterías de la UE, la logística de baterías usadas, y las exigencias de los países de origen por los metales recuperados son todas reales e inminentes. Solo la posición del reciclador mexicano es inventada."
IE-142,México; Canadá; Francia; Vanuatu,La opinión consultiva de un tribunal climático se convierte en un arma,"Un tribunal internacional ha fallado que los países con las mayores emisiones de carbono deben legalmente una compensación a las naciones más afectadas por el cambio climático, y Vanuatu, que impulsó el fallo, ha comenzado a presentar reclamos de inmediato. Canadá y Francia, nombrados entre los responsables, califican el fallo de no vinculante y se niegan a pagar nada en absoluto. México se encuentra justo por debajo del umbral de emisiones que el fallo usa para decidir quién debe qué, y ahora presiona fuertemente contra cualquier revisión de esa línea, plenamente consciente de que el más pequeño ajuste técnico a la fórmula podría convertir de repente a México también en demandado.",96,precedente,México (posee el modelo de atribución),(difuso: los Estados demandantes vulnerables),"Canadá y Francia (responsables, se resisten)","medio: cómplice (presiona por mantener una fórmula que lo exime, consciente de que la línea es arbitraria)",secuelas,fundamentado,cambio climático; deuda y finanzas; reconocimiento y legitimidad,"Fundamentado. La verdadera campaña de Vanuatu por una opinión consultiva climática de la CIJ, la ciencia de atribución de emisiones, y la disputa entre vinculante y consultivo están todas vigentes. Solo el instituto de metodología mexicano es inventado."
IE-143,México; Italia; Albania; Túnez,Un acuerdo de asilo extraterritorial colapsa con migrantes a mitad de traslado,"El acuerdo de Italia para procesar solicitantes de asilo en centros construidos en Albania ha sido anulado por un tribunal, mientras cientos de personas todavía están a mitad de traslado en el mar cuando llega el fallo. Albania dice que su obligación terminó en el momento en que el tribunal falló; Túnez, el país del que partieron, se niega a recibir a nadie de vuelta. El barco que los transporta opera bajo contrato de una empresa mexicana, y ahora no tiene ningún puerto dispuesto a aceptar a los pasajeros, con la comida y el agua agotándose, y sin ninguna instrucción legal que le diga hacia cuál de los tres países se le permite navegar siquiera.",97,ausencia / vacío,México (mantiene a los migrantes en el mar),los migrantes (ningún puerto los recibirá),Túnez (se niega a las devoluciones),medio: espectador perjudicado (opera el barco varado sin ningún lugar donde se le permita atracar),en desarrollo,fundamentado,migración y desplazamiento; ayuda humanitaria; reconocimiento y legitimidad,"Fundamentado. El verdadero esquema de procesamiento extraterritorial de Italia en Albania, los desafíos judiciales al mismo, los enfrentamientos de desembarco en el Mediterráneo, y la negativa de Túnez a las devoluciones están todos documentados y vigentes. Solo el buque mexicano es inventado."
IE-144,México; China; Zambia; Tanzania,México reclama un préstamo y un ferrocarril cambia de manos,"Un fondo de inversión del gobierno mexicano posee la deuda de un ferrocarril de transporte de cobre que conecta Zambia y Tanzania, y ha reclamado el préstamo tras un pago incumplido, una medida que otorga al fondo el control directo del propio ferrocarril. Zambia llama a la incautación de su ferrocarril por un fondo extranjero una nueva forma de colonialismo; Tanzania teme perder su influencia sobre los puertos que alimenta el ferrocarril; China, que originalmente construyó la línea, tiene un reclamo rival sobre la misma deuda. México debe decidir si toma el control del ferrocarril y enfrenta la reacción, o perdona la deuda y pierde el activo.",99,control de un objeto,México (acreedor que desencadena la transferencia),Zambia (ferrocarril incautado),China (gravamen rival) / Tanzania (influencia portuaria),principal: reclamante,en desarrollo,contrafactual,deuda y finanzas; infraestructura; comercio y transporte marítimo,"Contrafactual. Los ferrocarriles de corredores de recursos, las cláusulas de deuda por control, y las incautaciones de acreedores enmarcadas como neocolonialismo son todas dinámicas reales (que reflejan verdaderos temores de deuda de la Franja y la Ruta); México como el acreedor que incauta es la mezcla de roles inventada."
IE-145,México; Noruega; Islandia; Rusia,Una población de peces nada al norte y dos tratados se contradicen,"El calentamiento de los mares ha empujado a una importante población de peces fuera de las aguas noruegas y hacia una nueva zona ártica donde un viejo tratado de pesca y uno más nuevo se contradicen rotundamente sobre quién tiene permitido capturarlos. Noruega insiste en que su antigua cuota todavía aplica; Islandia reclama los peces bajo el acuerdo más nuevo; Rusia pesca sin sujetarse a ninguno de los dos, calificando ambos tratados de nulos. Una flota pesquera mexicana posee licencias emitidas bajo ambos tratados rivales, y debe elegir cuál seguir, sabiendo que cualquiera que elija marcará a sus propios barcos como cazadores furtivos ilegales ante los ojos de las patrullas del otro tratado.",101,cronología / secuencia,Noruega e Islandia (tratados contradictorios),"la flota de México (con licencia bajo ambos, expuesta)",Rusia (pesca sin sujetarse a ninguno),medio: espectador perjudicado (su propia flota con licencia obligada a elegir qué tratado la marca como cazadora furtiva),en desarrollo,fundamentado,sistemas alimentarios y hambruna; cambio climático; control territorial y soberanía,"Fundamentado. Los cambios en poblaciones de peces impulsados por el clima, las verdaderas 'guerras del pescado' por cuotas de caballa entre Noruega, Islandia, la UE y las Feroe, y la cobertura contradictoria de tratados están todos documentados. Solo la flota mexicana es inventada."
IE-146,México; India; Pakistán; Catar,Un canal transfronterizo reabre la herida de un viejo tratado de agua,"India ha comenzado a desviar agua de un río hacia un canal recién construido, usando una interpretación de un viejo tratado de reparto de agua que Pakistán dice que el texto original nunca permitió en realidad. El desvío golpea con especial fuerza durante un año seco. Catar, mediando la disputa, retiene fondos destinados al monitoreo conjunto que ninguno de los dos lados se ha molestado en dotar de personal. Agricultores mexicanos de trigo que habían contratado la compra de grano con descuento a exportadores paquistaníes, apostando a una cosecha fuerte este año, ahora ven esa cosecha reducirse mientras la disputa por el agua se prolonga, con su propio envío contratado encogiéndose cada semana que pasa.",97,conocimiento / divulgación,México (posee los datos de flujo),Pakistán (aguas abajo en un año seco),Catar (fondos de monitoreo estancados),medio: espectador perjudicado (su envío de grano contratado se encoge mientras la disputa reduce la cosecha),en desarrollo,fundamentado,agua y ríos transfronterizos; sistemas alimentarios y hambruna; infraestructura,"Fundamentado. El Tratado de las Aguas del Indo, las disputas sobre desvíos permitidos y obras de aprovechamiento de flujo, la sensibilidad de los años secos, y el monitoreo conjunto estancado son todos reales y vigentes. Solo el constructor mexicano de la compuerta principal es inventado."
IE-147,México; Brasil; Surinam; Guyana,México incumple un pago por la selva tropical y un pacto se deshace,"México prometió pagar a Brasil, Surinam y Guyana para mantener en pie un tramo de la Amazonía, y luego retuvo el pago cuando su propio presupuesto se quedó corto. Brasil, que ya había dejado de emitir permisos de tala confiando en esa promesa, ahora amenaza con volver a emitirlos; Surinam y Guyana, más pequeños y mucho más dependientes del dinero, ven colapsar por completo sus presupuestos de conservación. México ofrece solo una pequeña fracción de lo que originalmente prometió, y los tres países ahora observan como un bosque que acordaron proteger de buena fe se convierte en el costo de una promesa rota.",96,obligación de actuar,"México (prometió el pago, ahora lo retiene)",Surinam y Guyana (presupuestos de conservación en colapso),Brasil (amenaza con reabrir la tala),principal: incumplidor,secuelas,contrafactual,cambio climático; deuda y finanzas; sistemas alimentarios y hambruna,"Contrafactual. Los pactos de pago por conservación (que reflejan el verdadero Fondo Amazonía y el financiamiento de REDD+), el riesgo de impago de un donante, y la exposición del Estado dependiente están todos fundamentados; México como el donante incumplidor es el papel inventado."
IE-148,México; Turquía; Irak; Siria,El calendario de liberación aguas abajo de una presa se convierte en un arma de guerra,"Turquía controla la fuente de los ríos que alimentan tanto a Irak como a Siria, y ha cortado el flujo de agua para presionar una exigencia sobre seguridad fronteriza. Irak lo llama castigo colectivo mientras sus humedales se secan y mueren lentamente; las facciones rivales de Siria se acusan mutuamente de ayudar en secreto a Turquía a puertas cerradas. Cooperativas agrícolas mexicanas habían firmado un acuerdo de largo plazo para comprar dátiles iraquíes a un precio fijo bajo, apostando a que el agua barata mantendría bajos los costos, y todo ese contrato ahora carece de valor mientras la menguante cosecha envía los precios muy por encima de lo que México había acordado pagar.",98,control de un flujo,Turquía (controla las cabeceras) / México (opera las compuertas),Irak (humedales muriendo),las facciones de Siria (culpa mutua),medio: espectador perjudicado (su contrato de precio fijo queda sin valor por la cosecha en colapso),en desarrollo,fundamentado,agua y ríos transfronterizos; alianzas militares y defensa; sistemas alimentarios y hambruna,"Fundamentado. El control turco de presas aguas arriba (el proyecto GAP), el agua como palanca sobre Irak y Siria, y el colapso de los humedales iraquíes son todos reales y documentados. Solo el operador mexicano de la compuerta es inventado."
IE-149,México; Australia; Nauru; Nueva Zelanda,Un hallazgo de tierras raras en una isla arruinada reabre viejas heridas,"Se ha encontrado un valioso yacimiento mineral debajo de Nauru, una pequeña isla ya apenas habitable después de que un siglo de minería de fosfatos vació su interior. Australia, que administró la isla durante esa primera ruina y a la que ampliamente se culpa por ella, ahora quiere los nuevos derechos de minería; Nueva Zelanda insta a Nauru a rechazar un segundo desastre de este tipo. Una empresa minera mexicana posee la única licencia que Nauru realmente ha firmado para el nuevo yacimiento, y debe decidir si excava en una isla que la minería ya destruyó una vez antes, o abandona el trato por completo.",97,precedente,México (posee la licencia de extracción),Nauru (enfrenta una segunda ruina),Australia (quiere los derechos) / Nueva Zelanda (insta al rechazo),medio: cómplice (posee la licencia para excavar en una isla ya destruida una vez por la minería),inminente,contrafactual,extracción de recursos; control territorial y soberanía; soberanía cultural,"Contrafactual con tendencia a fundamentado. La verdadera devastación de Nauru por la minería de fosfatos, la historia administrativa de Australia, y la prospección de tierras raras en islas del Pacífico están todas fundamentadas; el nuevo yacimiento específico y la licencia son inventados."
IE-150,México; Suiza; Ghana; Singapur,Una auditoría de una bóveda de oro revela barras que nunca estuvieron allí,"Una auditoría de una bóveda suiza que almacena reservas de oro de varias naciones ha encontrado que las barras que supuestamente respaldan esas reservas no pueden contabilizarse en ningún lugar. Ghana, cuyas reservas se almacenan allí, exige o su oro o la verdad sobre lo que le sucedió; Singapur, un operador de bóvedas rival, se ofrece a reubicar el oro de cualquiera que ahora dude de la honestidad de la bóveda suiza. Las propias reservas nacionales de México se encuentran en una bóveda separada operada por esa misma empresa matriz bajo auditoría, y México ahora exige su propia inspección de emergencia antes de que la duda se propague aún más.",97,conocimiento / divulgación,México (posee el hallazgo de la auditoría),Ghana (reservas posiblemente faltantes),Singapur (bóveda rival que corteja la duda),medio: espectador perjudicado (sus propias reservas están con la misma empresa matriz ahora bajo sospecha),inminente,contrafactual,deuda y finanzas; comercio y transporte marítimo; reconocimiento y legitimidad,"Contrafactual con tendencia a fundamentado. El almacenamiento de oro asignado frente a no asignado, los temores de rehipotecación, las demandas de repatriación de oro soberano, y las corridas de confianza en bóvedas son todas preocupaciones financieras reales; la auditoría específica de barras faltantes es inventada."
IE-151,México; Bután; Bulgaria; Uruguay,Un índice de felicidad se convierte en condición para el comercio,"Bután ha convencido a un grupo de países de vincular el acceso comercial a un índice nacional de bienestar que diseñó él mismo, y Uruguay ha calificado mientras Bulgaria, con un puntaje bajo en la medida, ha sido excluida y lo llama moralina disfrazada de derecho comercial. El propio puntaje de México se encuentra justo en la línea que el índice usa para decidir quién califica, y sus funcionarios de comercio presionan discretamente para ajustar el método de puntuación antes de la próxima revisión, plenamente conscientes de que el más pequeño cambio podría asegurar el acceso de México o costárselo de la misma manera que acaba de costárselo a Bulgaria.",96,reconocimiento / legitimidad,México (audita y posee los puntajes),Bulgaria (excluida por su puntaje),"Uruguay (calificado, legitima la métrica)",medio: cómplice (presiona para remodelar una regla que sabe podría excluirlo igual de fácil),en desarrollo,surrealista,gobernanza moral y legitimidad espiritual; comercio y transporte marítimo; reconocimiento y legitimidad,"Surrealista con tendencia a contrafactual. El verdadero marco de Felicidad Nacional Bruta de Bután es la semilla; vincular el acceso comercial a un puntaje de bienestar es la escalada inventada, presentada con seriedad y con consecuencias bien desarrolladas."
IE-153,México; Comoras; Francia; Madagascar,Un esquema de venta de ciudadanía se revierte en una disputa de reconocimiento,"Comoras vendió decenas de miles de pasaportes a personas apátridas que otros países querían reasentar en otro lugar, y ahora esos poseedores de pasaportes son rechazados en fronteras que de repente se niegan a reconocer los documentos en absoluto. Francia, la antigua potencia colonial, califica los pasaportes de francamente fraudulentos; Madagascar, que recibe a los repatriados por barcadas, exige que Comoras se los lleve de vuelta inmediatamente. México había otorgado visas de trabajo a cientos de estos poseedores de pasaportes de buena fe años atrás, y ahora debe decidir si sigue honrando visas construidas sobre documentos que un número creciente de gobiernos ya no considera válidos o reales.",98,reconocimiento / legitimidad,México (posee los registros de emisión),"los poseedores de pasaportes (rechazados, apátridas)",Francia (declara los pasaportes fraudulentos),medio: atrapado en medio (su propio sistema de visas descansa sobre documentos ahora disputados en todo el mundo),secuelas,fundamentado,reconocimiento y legitimidad; migración y desplazamiento; tráfico ilícito,Fundamentado. Comoras genuinamente operó un controvertido esquema de venta de pasaportes para residentes apátridas del Golfo; las disputas de validez documental y los rechazos fronterizos están documentados. Solo el operador mexicano es inventado.
IE-154,México; Lesoto; Sudáfrica; China,Un reino del agua le cierra el grifo a su gigante vecino,"Lesoto, cuyas tierras altas abastecen de agua a la mayor parte de la región industrial de Sudáfrica, quiere que su tratado de agua de décadas de antigüedad se renegocie firmemente a su favor. Pero es una empresa mexicana que opera los túneles de transferencia la que ha cerrado primero las válvulas, actuando sobre una cláusula de tarifas impagas para forzar el asunto y proteger su propio margen de ganancia mucho antes de que comiencen siquiera las conversaciones. Sudáfrica lo llama extorsión por parte de un contratista privado; China, que financia las presas de Lesoto, acoge discretamente la palanca que esto crea; el propio Lesoto no está seguro de si la empresa realmente sirve a su causa, o solo a su propia factura.",96,control de un flujo,Lesoto (controla el agua) / México (opera las válvulas),Sudáfrica (corazón industrial seco),China (respalda la palanca),principal: quien retiene,inminente,contrafactual,agua y ríos transfronterizos; energía; deuda y finanzas,"Contrafactual con tendencia a fundamentado. El verdadero Proyecto Hídrico de las Tierras Altas de Lesoto abastece genuinamente a Sudáfrica, y la asimetría de un Estado rodeado que posee esa palanca es real; el corte y el operador mexicano son inventados."
IE-155,México; Surinam; Guyana; Países Bajos,Un yacimiento petrolero recién descubierto se extiende sobre una línea de la era colonial,"Se ha confirmado que un gigantesco yacimiento petrolero se extiende sobre la disputada frontera marítima entre Surinam y Guyana, una línea trazada descuidadamente por un topógrafo neerlandés hace siglos. Surinam dice que la vieja línea la favorece; Guyana dice que la línea nunca fue válida desde el principio; se le pide a los Países Bajos que produzcan el estudio original, el cual ya ni siquiera puede encontrar. La empresa petrolera estatal de México co-invirtió en el presupuesto de exploración para este mismo yacimiento, y ahora encuentra su propio retorno sobre esa inversión congelado hasta que dos naciones acuerden una frontera que en realidad nunca ha existido sobre suelo firme.",97,control de un objeto,México (posee la plataforma y los datos sísmicos),Surinam y Guyana (yacimiento disputado),Países Bajos (estudio colonial perdido),medio: espectador perjudicado (su propia coinversión congelada por la frontera sin resolver),en desarrollo,contrafactual,energía; control territorial y soberanía; soberanía cultural,Contrafactual con tendencia a fundamentado. La disputa marítima entre Surinam y Guyana y el verdadero auge petrolero de la región están documentados; el yacimiento que se extiende sobre la línea y el estudio colonial perdido son los detalles inventados.
IE-156,México; Turkmenistán; Azerbaiyán; Italia,Una promesa de gas se adelanta al gasoducto que debe transportarlo,"Turkmenistán ha prometido a Europa gas que solo puede entregar a través de un gasoducto bajo el mar Caspio que todavía no existe en ningún lugar, e Italia ya ha firmado contratos de suministro basados únicamente en esa promesa. Azerbaiyán, cuyas aguas debe cruzar el gasoducto, no permitirá que comience la construcción hasta que se resuelva primero su propia parte de las tarifas de tránsito. La empresa estatal de gas de México había reservado capacidad futura en ese mismo gasoducto sin construir como parte de su propio plan de largo plazo para diversificar su suministro, y ese plan ahora está congelado detrás de una disputa de tránsito entre dos países completamente distintos.",97,cronología / secuencia,Turkmenistán y Azerbaiyán (promesa frente a secuencia de tránsito),Italia (contratada para un gas no entregable),México (constructor atrapado en la secuencia),medio: espectador perjudicado (su propia capacidad de gasoducto reservada congelada por una disputa de tránsito no relacionada),inminente,contrafactual,energía; infraestructura; control territorial y soberanía,"Contrafactual con tendencia a fundamentado. El gasoducto Trans-Caspio, estancado durante mucho tiempo, las ambiciones gasíferas turcomanas, y la palanca de tránsito azerbaiyana son todos reales; los contratos firmados que se adelantan al gasoducto son la tensión inventada."
IE-158,México; Kiribati; Nauru; Islas Marshall,Un trío que se hunde mancomuna sus océanos y redibuja el Pacífico,"Kiribati, Nauru y las Islas Marshall, todos enfrentando mares en ascenso que amenazan con borrar por completo su territorio, han acordado fusionar sus territorios oceánicos en una sola zona mancomunada destinada a sobrevivir a sus costas que desaparecen. Las potencias más grandes disputan que una zona combinada pueda legalmente exceder lo que cada nación que se hunde podría reclamar por separado por su cuenta. La flota pesquera de aguas distantes de México posee licencias emitidas por separado por cada una de las tres naciones insulares, y ahora no puede determinar si esas licencias todavía aplican una vez que las zonas se fusionen, o si sus barcos de repente están pescando sin ningún permiso válido en absoluto.",96,reconocimiento / legitimidad,México (redactó y posee las coordenadas del tratado),los tres Estados que se hunden (existencia en juego),las potencias más grandes (disputan la zona mancomunada),medio: espectador perjudicado (sus propias licencias de pesca quedan en duda por la fusión),inminente,surrealista,cambio climático; control territorial y soberanía; reconocimiento y legitimidad,"Surrealista con tendencia a contrafactual. La verdadera lucha de los Estados del Pacífico por fijar sus líneas de base marítimas a pesar de la subida del nivel del mar es la semilla; una zona oceánica supranacional mancomunada es la escalada inventada, presentada con seriedad."
IE-159,México; Camerún; Nigeria; Francia,Una línea de idioma divide a un país y sus vecinos eligen bando,"Las regiones angloparlantes de Camerún han declarado la independencia, y el reconocimiento internacional es toda la disputa en curso ahora. Nigeria, que alberga refugiados y es cautelosa de alentar sus propios movimientos separatistas, se niega a reconocerlas; Francia, estrechamente ligada al gobierno francófono en Yaundé, califica la declaración de intrascendente. Una empresa de telecomunicaciones mexicana transporta casi todo el tráfico telefónico e de internet de la región separatista, ganando tarifas constantes tanto de los rebeldes como de las familias ordinarias atrapadas entre ellos, y ahora debe decidir si cortar la señal por orden del gobierno silencia un movimiento, o si mantenerla funcionando discretamente ayuda a ese movimiento a seguir existiendo.",99,reconocimiento / legitimidad,México (transporta las comunicaciones de la región),la región separatista anglófona (voz en juego),Nigeria (intereses de refugiados y separatismo),medio: cómplice (lucra con transportar tráfico para ambos lados del conflicto),en desarrollo,contrafactual,reconocimiento y legitimidad; control territorial y soberanía; tecnología y fijación de normas,"Contrafactual con tendencia a fundamentado. La verdadera crisis anglófona de Camerún y los reclamos de secesión, el desbordamiento de refugiados hacia Nigeria, y el alineamiento del Estado francófono están documentados; el papel decisivo del operador mexicano es inventado."
IE-160,México; Mongolia; Rusia; China,Un gigante sin salida al mar subasta el paso al mejor postor,"Mongolia, apretada durante generaciones entre Rusia y China, ha comenzado a subastar derechos de tránsito a través de su propio territorio para reducir su dependencia de ambos gigantes vecinos a la vez. Rusia llama al nuevo corredor un riesgo de seguridad en su frontera; China advierte que su propio comercio podría redirigirse a otro lugar como represalia si procede la subasta. Una empresa logística mexicana ganó el primer corredor subastado y ya ha invertido dinero real en nuevos vagones de ferrocarril y almacenes, y ahora encuentra su inversión completamente nueva atrapada directamente en el fuego cruzado de dos grandes potencias que deciden si un pequeño Estado tapón puede vender su propia geografía en absoluto.",103,control de un flujo,Mongolia (subasta el tránsito) / México (posee los derechos del corredor),el propio acceso de Mongolia (riesgo de represalia),Rusia y China (aprietan al Estado tapón),medio: espectador perjudicado (su nueva inversión atrapada en la represalia entre grandes potencias),inminente,contrafactual,comercio y transporte marítimo; control territorial y soberanía; infraestructura,Contrafactual con tendencia a fundamentado. La verdadera estrategia del 'tercer vecino' de Mongolia y su dependencia de tránsito de Rusia y China están documentadas; la subasta de tránsito y el operador mexicano del corredor son inventados.
IE-161,México; Togo; Ghana; Benín,Un artefacto vudú robado se convierte en un arma diplomática,"Un objeto sagrado central para la tradición religiosa vudú de Togo ha resurgido en una venta privada, y Togo exige su devolución. Benín afirma que el objeto en realidad se originó en su lado de la misma tradición espiritual compartida y debería llegarle a él en cambio; Ghana, que lo mantiene por ahora en un almacén afianzado, debe elegir entre los dos. Una empresa mexicana de transporte de arte aceptó la venta y organizó el almacenamiento plenamente consciente de que la pieza era sagrada y disputada, y ahora se dispone a cobrar su tarifa sin importar a cuál de los reclamantes finalmente se le permita enviar el objeto.",96,control de un objeto,México (posee el artefacto y el contrato),Togo (separado de su objeto sagrado),Benín (reclamo de origen rival),medio: cómplice (manejó a sabiendas un objeto sagrado y disputado por su propia tarifa),en desarrollo,fundamentado,religión y geografía sagrada; soberanía cultural; comercio y transporte marítimo,"Fundamentado. La importancia transfronteriza del vudú en Togo, Benín y Ghana, y las verdaderas disputas de restitución sobre objetos sagrados traficados, están documentadas. Solo el artefacto específico y la empresa mexicana son inventados."
IE-163,México; Costa de Marfil; Ghana; Suiza,Dos gigantes del cacao forman un cartel y los compradores se rebelan,"Costa de Marfil y Ghana, que juntas cultivan la mayor parte del cacao mundial, han fusionado sus precios en un solo piso destinado a terminar décadas de pago a nivel de pobreza para sus agricultores, y los grandes fabricantes de chocolate se niegan a pagarlo. Los fabricantes de Suiza amenazan con comprar su cacao en otro lugar; las dos naciones productoras los desafían a intentar encontrar tanto volumen en cualquier otro lugar de la tierra. Una empresa mexicana de chocolate había acumulado cacao barato comprado justo antes de que entrara en vigor el nuevo piso, y ahora lo vende discretamente al viejo precio bajo para socavar el mismo piso con el que cuentan los agricultores.",101,fijación de normas,Costa de Marfil y Ghana (fijan el precio mínimo) / México (posee existencias previas al piso),los fabricantes de Suiza (obligados a pagar),México (existencias que desestabilizan el cartel),medio: cómplice (socava el precio mínimo con existencias compradas justo antes de que entrara en vigor),inminente,fundamentado,sistemas alimentarios y hambruna; comercio y transporte marítimo; fijación de normas,"Fundamentado. El verdadero 'diferencial de ingreso digno' del cacao entre Costa de Marfil y Ghana y la coordinación al estilo de la OPEP, más la resistencia de los compradores, están documentados. Solo el papel decisivo del acumulador mexicano es inventado."
IE-339,México; Guatemala; Guinea; Sierra Leona,Un río compartido lleva veneno en ambas direcciones,"Un río que cruza la frontera entre México y Guatemala lleva escorrentía minera aguas abajo hacia pueblos mexicanos, mientras que curtidurías mexicanas que operan más arriba en un afluente menor envían sus propios desechos sin tratar de vuelta a través de la frontera hacia tierras agrícolas guatemaltecas. Cada gobierno exige que el otro analice primero su propia agua y publique públicamente los resultados completos. Guinea y Sierra Leona, atrapadas en una disputa casi idéntica sobre un río fronterizo propio compartido, han pedido formalmente observar cómo se desarrolla este caso. Ni México ni Guatemala pueden abrir sus propias muestras sin en efecto inculpar a los contaminadores de su propio lado.",100,atribución / culpa,(ambos Estados contaminan el río compartido),pueblos en ambas orillas,Guinea y Sierra Leona (observan en busca de precedente),"medio: cómplice (perjudicado aguas abajo, contaminante aguas arriba)",en desarrollo,fundamentado,agua y ríos transfronterizos; salud pública; extracción de recursos,"Fundamentado. La contaminación transfronteriza de ríos con contaminación mutua está documentada. Termina en la culpa compartida, sin línea de resumen."
IE-340,México; Marruecos; Argelia; Sri Lanka,Una línea de gas redirigida borra el cupo de un comprador distante,"Argelia ha desplazado una gran parte de sus exportaciones de gas natural hacia una nueva ruta de gasoducto que evita por completo a Marruecos, y a medida que el sistema de entrega se reordena en torno al cambio, un envío de largo plazo que México contrató años antes ha perdido por completo su ventana programada. Marruecos presiona con fuerza por las tarifas de tránsito que la vieja ruta solía pagarle. Sri Lanka, otro comprador desplazado por la reorganización, ahora compite directamente contra México por cualquier carga puntual no comprometida que quede. El invierno está a solo ocho semanas, los tanques de almacenamiento están bajos, y el cupo de entrega de México, alguna vez garantizado, simplemente se ha desvanecido del calendario.",99,cronología / secuencia,Argelia (redirige la exportación),el contrato de México; las tarifas de Marruecos,Sri Lanka (compite por el volumen puntual),medio: espectador perjudicado (se borra el cupo de un comprador distante),en desarrollo,contrafactual,energía; comercio y transporte marítimo; infraestructura,Contrafactual con tendencia a fundamentado. El cierre y redireccionamiento del GME entre Argelia y Marruecos son reales; México como comprador varado es la exposición inventada. Termina en el cupo perdido.
IE-341,México; Bahamas; Haití; Jamaica,Un pacto de interdicción dirige a los rescatados hacia una tercera costa,"Bahamas y una nación socia al norte han acordado interceptar botes de migrantes en el mar y devolver a todos a bordo al puerto del que partieron por última vez, y ese puerto resulta cada vez más ser algún lugar de la propia costa caribeña de México. Haití, cuyos ciudadanos constituyen la mayoría de las personas en estos botes, se niega a aceptar devoluciones directas de sus propios nacionales. Jamaica simplemente ha cerrado sus puertos a cualquier traslado de este tipo. El acuerdo nombra a puertos mexicanos como el punto receptor, aunque nunca se consultó a México sobre ello, y los primeros guardacostas de patrulla ya giran hacia el sur, hacia su costa.",104,obligación de actuar,Bahamas y su socio (el pacto),los interceptados; México (receptor designado),Haití y Jamaica (se niegan a los traslados),medio: atrapado en medio (punto final no consultado del trato de otros),en desarrollo,contrafactual,migración y desplazamiento; ayuda humanitaria; alianzas militares y defensa,Contrafactual con tendencia a fundamentado. La interdicción marítima y las devoluciones al último puerto son reales; México como punto final no consultado es inventado. Termina con los guardacostas girando al sur.
IE-342,México; Brasil; Argentina; Uruguay,Una guerra de precios de la soya deja fuera a un importador de alimento,"Brasil y Argentina se están subcotizando agresivamente el uno al otro para ganarse a un único comprador enorme de soya, y ese comprador ahora ha fijado toda la cosecha de ambos países bajo términos exclusivos, dejando de repente muy poca soya de mercado abierto disponible para cualquier otro. Uruguay, un productor mucho más pequeño, vende discretamente lo poco que tiene en el vacío resultante a un precio muy alto. México importa millones de toneladas de soya cada año específicamente para alimentar sus granjas avícolas y porcinas, y esta temporada se encuentra compitiendo directamente contra todos los demás importadores por cualquier volumen sobrante que los dos gigantes exportadores no hayan ya prometido.",103,fijación de normas,Brasil y Argentina (guerra de precios) / el comprador gigante,México (importador de alimento excluido por precio),Uruguay (vende la escasez a un precio alto),medio: espectador perjudicado (un gran comprador sin ninguna palanca),en desarrollo,contrafactual,sistemas alimentarios y hambruna; comercio y transporte marítimo; deuda y finanzas,"Contrafactual con tendencia a fundamentado. La competencia sudamericana de soya y la dependencia mexicana de alimento están documentadas; el bloqueo exclusivo es inventado. Termina en la disputa por el sobrante, sin epígrafe."
IE-343,México; Nicaragua; Botsuana; Namibia,Una plaga de ganado convierte el momento de cierre fronterizo en un arma,"Una peligrosa plaga bovina avanza constantemente hacia el norte por Centroamérica, y el país que selle primero su frontera salva a su propio hato mientras deja varado el ganado de exportación de sus vecinos en la línea cerrada. Nicaragua quiere que México cierre al final, para que su ganado todavía pueda llegar al mercado del norte; la plaga ahora está a solo días de la frontera. Botsuana y Namibia, ambas de las cuales perdieron hatos años atrás por un cierre mal calculado, han enviado por avión veterinarios expertos para asesorar. México posee, por mucho, el mayor hato de ganado del istmo y opera el mercado de exportación del que dependen los demás.",97,cronología / secuencia,(el dilema de la secuencia),cualquier vecino que quede varado,Botsuana y Namibia (asesoran desde la experiencia),"medio: atrapado en medio (hato y mercado compartido, ambos expuestos)",inminente,fundamentado,sistemas alimentarios y hambruna; salud pública; comercio y transporte marítimo,"Fundamentado. La enfermedad ganadera transfronteriza y la secuencia de cierres fronterizos están documentadas. Termina en la doble apuesta, sin resumen."
IE-345,México; Venezuela; Colombia; Trinidad y Tobago,Un bloqueo de crudo alcanza a una refinería que llegó a depender de él,"Un bloqueo internacional ha cortado la capacidad de Venezuela de exportar su propio petróleo crudo, y México había comenzado recientemente a comprar discretamente el crudo venezolano con descuento para ayudar a abastecer refinerías que apenas había gastado miles de millones en expandir. Funcionarios en Caracas ahora exigen públicamente que México continúe las compras como muestra de solidaridad regional, mientras el gobierno que impone el bloqueo advierte a todo comprador en el mundo de graves sanciones secundarias. Colombia ya ha rechazado rotundamente el crudo con descuento. Trinidad y Tobago, que comparte un yacimiento de gas productor con Venezuela, observa de cerca para ver si las sanciones eventualmente alcanzan también a los socios comerciales ordinarios.",98,control de un flujo,la potencia que bloquea / Venezuela (el crudo),el suministro de refinería de México,Trinidad y Tobago (teme que se propaguen las sanciones),medio: atrapado en medio (su propia economía de refinación lo obliga a elegir bando),en desarrollo,fundamentado,energía; alianzas militares y defensa; deuda y finanzas,"Fundamentado. La presión de sanciones/bloqueo sobre el crudo venezolano y los compradores con descuento están documentadas. Termina con Trinidad observando, sin resumen."
IE-346,México; Canadá; Dinamarca; Islandia,Una norma de estrecho ártico alcanza a los barcos que ahora la usan,"Canadá insiste en que un paso marítimo del norte, recién libre de hielo, constituye sus propias aguas soberanas internas, mientras una potencia marítima rival en cambio llama al mismo paso un estrecho internacional abierto a todos, y cualquiera que sea el argumento que prevalezca fijará las normas de tránsito para la bandera de todo barco en adelante. Dinamarca ha presentado por separado su propio reclamo territorial rival a través de sus posesiones árticas cercanas. Islandia está expandiendo un puerto de transbordo específicamente para captar el nuevo tráfico que abre el deshielo ártico. La creciente flota mercante de México ya comenzó a enrutar carga a través de este paso la temporada pasada, atada de antemano a cualquier régimen que produzca la disputa.",101,fijación de normas,Canadá frente a la potencia rival (regímenes rivales),la flota en tránsito de México,Dinamarca e Islandia (intereses árticos propios),medio: espectador perjudicado (su flota atada a una pelea en la que no puede participar),inminente,contrafactual,comercio y transporte marítimo; control territorial y soberanía; cambio climático,Contrafactual con tendencia a fundamentado. La disputa legal del Paso del Noroeste es real; México como usuario distante afectado es inventado. Termina en el hecho del enrutamiento.
IE-347,México; Nicaragua; Costa Rica; Panamá,Un acuerdo de tercer país seguro colapsa a lo largo del istmo,"El acuerdo regional bajo el cual un país centroamericano acordó retener a solicitantes de asilo con rumbo al norte en nombre de sus vecinos ahora ha colapsado por completo, y el rezago de personas se mueve constantemente por el puente terrestre sin ningún marco que rija hacia dónde va cada uno a continuación. Nicaragua ha abierto discretamente su propia nueva ruta hacia el norte; Costa Rica insiste en que su obligación terminó en el momento en que colapsó el acuerdo; Panamá está registrando a miles de nuevos llegados que no tiene capacidad para alojar. México es el siguiente país en esta ruta, y los primeros grupos liberados del arreglo fallido ya se congregan en sus cruces del sur.",101,ausencia / vacío,(el acuerdo colapsado / el vacío),los solicitantes de asilo; México (siguiente en la ruta),Nicaragua (abre una ruta hacia el norte),medio: atrapado en medio (la geografía lo convierte en el heredero por defecto),en desarrollo,fundamentado,migración y desplazamiento; ayuda humanitaria; reconocimiento y legitimidad,"Fundamentado. La fragilidad del tercer país seguro y la facilitación nicaragüense de los flujos hacia el norte están documentadas. Termina en las llegadas, sin epígrafe."
IE-348,México; Chile; Myanmar; Kazajistán,Una prohibición de mineral para chips expone a los revendedores que la sortearon,"Un proveedor global dominante ha prohibido formalmente todas las exportaciones de un mineral raro considerado esencial para fabricar chips de computadora avanzados, y los grandes compradores han presionado fuertemente a fuentes más pequeñas en su lugar, tratando de impedir la reventa a países ahora restringidos bajo la prohibición. Empresas comercializadoras mexicanas habían estado comprando discretamente ese mismo mineral y revendiéndolo directamente hacia precisamente esos canales restringidos con fines de lucro. Chile, uno de los principales productores legítimos del mundo, ahora enfrenta la misma exigencia oficial de vigilar a sus propios compradores. Myanmar y Kazajistán, ambas fuentes menores, están siendo cortejadas por compradores desesperados para ayudar a llenar el vacío que dejó la prohibición.",103,control de un flujo,el proveedor (la prohibición) / los compradores (la exigencia de reventa),los revendedores de México (expuestos),Myanmar y Kazajistán (llenan el vacío),medio: cómplice (sus empresas sortearon el comercio prohibido),inminente,contrafactual,extracción de recursos; tecnología y fijación de normas; comercio y transporte marítimo,"Contrafactual con tendencia a fundamentado. Las prohibiciones de exportación de minerales críticos y la vigilancia de la reexportación son reales; la complicidad revendedora mexicana es inventada. Termina en el cortejo, sin resumen."
IE-350,México; España; Cuba; Portugal,Una demanda por propiedad confiscada nombra al banco que la financió,"Un tribunal ha fallado que las empresas que operan en tierra extranjera confiscada décadas atrás legalmente deben compensación a los propietarios originales de la propiedad, y un complejo turístico de playa financiado años atrás por un banco mexicano se encuentra justo sobre esa tierra. España, cuyas cadenas hoteleras son nombradas en esta misma ola de demandas, quiere montar una defensa legal conjunta junto con México. Portugal, cuyas empresas están de manera similar expuestas cerca, está decidiendo si unirse. La Habana califica el fallo de fundamentalmente ilegítimo. El banco mexicano había suscrito el préstamo del complejo con la historia problemática del título de la tierra sentada en sus propios archivos.",96,reconocimiento / legitimidad,el tribunal (el fallo extraterritorial),el banco de México; las cadenas de España,Portugal (sopesa si unirse),medio: cómplice (financió el trato sabiendo la historia del título),en desarrollo,fundamentado,deuda y finanzas; reconocimiento y legitimidad; control territorial y soberanía,"Fundamentado. Las demandas al estilo Helms-Burton que nombran a empresas extranjeras sobre propiedad confiscada están documentadas. Termina en los archivos, sin resumen."
IE-351,México; Belice; Jamaica; Barbados,Una mortandad de arrecife cae sobre cada costa que lo vendió,"El sistema de arrecife de coral que México, Belice y sus vecinos caribeños todos pescan comercialmente y venden como una gran atracción turística para buceadores ha sufrido una mortandad súbita y generalizada, y la propia escorrentía contaminante, la sobrepesca y el tráfico de embarcaciones de cada costa están implicados en el colapso. Jamaica, cuya propia sección del arrecife falló un año antes, exige una investigación regional completa con todos los hallazgos publicados abiertamente. Barbados ha vinculado directamente su financiamiento de préstamos de recuperación turística a lo que concluya la investigación. Los propios complejos turísticos caribeños y flotas pesqueras de México se encuentran entre los usuarios más intensivos del tramo que murió primero.",97,atribución / culpa,(todas las costas sobreexplotan el arrecife),el arrecife; toda economía dependiente,Jamaica y Barbados (fuerzan una investigación),medio: cómplice (sus complejos turísticos son usuarios intensivos del tramo muerto),secuelas,fundamentado,cambio climático; sistemas alimentarios y hambruna; soberanía cultural,"Fundamentado. La degradación del arrecife mesoamericano/caribeño por turismo, pesca y escorrentía está documentada. Termina en el uso intensivo de México, sin epígrafe."
IE-352,México; Estados Unidos; Jordania; Irak,Un tratado de agua vence en medio de una sequía,"Un tratado de décadas de antigüedad obliga legalmente a México a enviar un volumen fijo de agua de río hacia el norte, a Estados Unidos, cada año, pero una sequía severa significa que entregar esa cantidad ahora drenaría los embalses de los que dependen para sus cultivos los propios agricultores fronterizos de México. Funcionarios en Washington exigen firmemente el monto completo que el tratado dice que se les debe. Los agricultores mexicanos, en respuesta, han bloqueado físicamente las válvulas de liberación para mantener en casa el agua escasa. Jordania e Irak, estancados en una disputa similar por su propio río menguante, han pedido observar cómo se sostiene el tratado cuando no hay suficiente agua.",101,obligación de actuar,el tratado (obliga a México a entregar),agricultores mexicanos frente a usuarios aguas abajo,Guatemala (control de un afluente aguas arriba),medio: atrapado en medio (obligado por tratado pero internamente incapaz de cumplir),en desarrollo,fundamentado,agua y ríos transfronterizos; sistemas alimentarios y hambruna; alianzas militares y defensa,"Fundamentado. El tratado de aguas de 1944, los déficits del Río Bravo, la sequía, y los bloqueos de agricultores están documentados y vigentes. Termina en los observadores, sin resumen."
IE-164,México; Vanuatu; Australia; China,Un atracadero naval vendido divide un océano de seguridad,"Vanuatu ha arrendado un muelle de aguas profundas a China, y Australia trata cualquier punto de apoyo naval extranjero en sus aguas cercanas como una línea roja grave que no tolerará. Vanuatu insiste en que una nación soberana puede alojar al socio que elija, sin preguntas; China llama al muelle puramente comercial y nada más. Una empresa de ingeniería mexicana construyó el muelle y discretamente lo diseñó con especificaciones que fácilmente podrían dar servicio a buques de guerra, plenamente consciente en su momento de lo que esas especificaciones significaban, y sus propios planos confidenciales son ahora la única prueba que podría confirmar o refutar el reclamo de China sobre el verdadero propósito de la instalación.",103,control de un objeto,México (posee las especificaciones del atracadero),Vanuatu (soberanía presionada),China (reclamo de uso comercial) / Australia (línea roja),medio: cómplice (construyó a sabiendas el muelle con especificaciones de buque de guerra),inminente,contrafactual,alianzas militares y defensa; infraestructura; control territorial y soberanía,"Contrafactual con tendencia a fundamentado. Las verdaderas inquietudes sobre el acceso portuario chino en el Pacífico (Islas Salomón, especulación sobre Vanuatu) y las disputas de infraestructura de doble uso son la semilla; el atracadero específico y el constructor mexicano son inventados."
IE-169,México; Paraguay; Argentina; Brasil,Termina la deuda de una presa compartida y comienza la pelea por ella,"La deuda de décadas sobre una enorme presa compartida por Paraguay y Brasil finalmente se ha pagado por completo, y Paraguay quiere vender su energía excedente en el mercado abierto en lugar de a Brasil a la vieja tarifa fija que ambos acordaron décadas atrás. Brasil dice que el tratado fundacional todavía obliga a Paraguay sin importar que se haya saldado la deuda; Argentina, que comparte una segunda presa bajo términos similares, observa de cerca el precedente que esto sienta. La empresa eléctrica estatal de México firmó el primerísimo contrato de mercado abierto que ofreció Paraguay, y si puede hacerse cumplir decide si México recibe la energía que ya acordó pagar.",103,fijación de normas,Paraguay (quiere ventas de mercado abierto) / México (posee el nuevo contrato),el beneficio de Paraguay (atado por el viejo tratado),Argentina (precedente sobre su propia presa),medio: espectador perjudicado (su propio contrato de energía firmado pende de la disputa del tratado),inminente,fundamentado,energía; deuda y finanzas; comercio y transporte marítimo,"Fundamentado. La verdadera presa de Itaipú, el pago de su deuda en 2023, y el impulso de Paraguay por vender energía excedente al mercado en lugar de a Brasil a tarifas de tratado están documentados y vigentes. Solo el comercializador mexicano es inventado."
IE-171,México; Laos; Tailandia; Vietnam,Un afluente represado mata de hambre a una pesquería que comparten tres naciones,"Laos ha represado un afluente principal del río Mekong para vender energía a Tailandia, y los peces que alimentan a millones de personas en Vietnam y Camboya están desapareciendo rápidamente mientras la crecida estacional natural del río muere junto con ellos. Tailandia, que compra toda la electricidad, niega cualquier responsabilidad por los peces que desaparecen; Vietnam exige que la presa en cambio libere agua siguiendo el ritmo natural del río. La propia industria mexicana de pescado enlatado había construido un importante contrato de suministro en torno al pescado barato capturado en el Mekong, y todo ese contrato ahora colapsa mientras la misma presa que da energía a Tailandia mata de hambre discretamente al río del que dependen las enlatadoras de México.",101,control de un flujo,Laos (represa el afluente) / México (opera los vertederos),Vietnam y Camboya (pesquerías en colapso),"Tailandia (compra la energía, niega culpa)",medio: espectador perjudicado (su contrato de suministro de pescado enlatado colapsa junto con la pesquería moribunda),en desarrollo,fundamentado,agua y ríos transfronterizos; sistemas alimentarios y hambruna; energía,"Fundamentado. Las verdaderas presas en el cauce principal/afluentes del Mekong (el modelo de exportación hidroeléctrica de Laos), la pérdida de pesquerías de pulso de crecida, y las objeciones vietnamitas aguas abajo están todas documentadas. Solo el operador mexicano es inventado."
IE-172,México; Eslovenia; Croacia; Italia,Una frontera marítima en una bahía bloquea el acceso de una nación a mar abierto,"Eslovenia y Croacia disputan una bahía cuya división final decide si Eslovenia obtiene su propio corredor hacia aguas internacionales o permanece permanentemente encerrada por su vecino más grande. Un arbitraje que Croacia rechaza rotundamente ha fallado a favor de Eslovenia; Italia, que comparte la costa norte del Adriático, quiere que las rutas de navegación se resuelvan de una manera u otra. La naviera de México ya había programado una nueva ruta europea a través de ese mismo corredor para los contratos de la próxima temporada, y todo ese calendario ahora pende de la ubicación de una línea disputada de boyas que solo uno de los dos vecinos enfrentados está dispuesto actualmente a reconocer como válida.",103,territorial,México (posee el levantamiento del canal),Eslovenia (acceso a mar abierto en juego),Italia (quiere las rutas resueltas) / Croacia (rechaza el fallo),medio: espectador perjudicado (su ruta de navegación programada pende del corredor sin resolver),inminente,fundamentado,control territorial y soberanía; comercio y transporte marítimo; infraestructura,"Fundamentado. La verdadera disputa de la Bahía de Pirán, el arbitraje de 2017 que Croacia rechazó, y el interés de Eslovenia en un corredor hacia alta mar están documentados. Solo la empresa mexicana de dragado/levantamiento es inventada."
IE-173,México; Zambia; RD del Congo; Emiratos Árabes Unidos,Una frontera trazada a través de una mina divide un solo cuerpo de mineral,"La veta más rica de cobre y cobalto de toda África corre justo debajo de la frontera entre Zambia y la República Democrática del Congo, y ambos países están hundiendo pozos mineros hacia ese mismo mineral desde lados opuestos de la línea. Zambia dice que el yacimiento no puede dividirse legalmente y debe ser gestionado conjuntamente por ambas naciones; la RDC dice que quien llegue primero al mineral simplemente posee lo que saque del suelo. La industria mexicana de baterías ha firmado contratos de suministro con empresas mineras en ambos lados de esa misma frontera, dejando expuestas a sus propias fábricas sin importar cuál reclamo gane.",103,control de un objeto,México (posee el levantamiento 3D del mineral),(difuso: quien pierda el mineral),Emiratos Árabes Unidos (financian ambos lados),medio: espectador perjudicado (contratos de suministro en ambos lados lo dejan expuesto de cualquier manera),en desarrollo,contrafactual,extracción de recursos; control territorial y soberanía; deuda y finanzas,"Contrafactual con tendencia a fundamentado. El verdadero Cinturón de Cobre de África Central que se extiende entre Zambia y la RDC, los cuerpos de mineral transfronterizos, y el financiamiento minero del Golfo están documentados; la carrera por la veta compartida y el levantamiento mexicano son inventados."
IE-176,México; Jamaica; Barbados; Reino Unido,Un fallo de reparaciones separa a un bloque de islas de su antiguo gobernante,"Un tribunal caribeño ha fallado que el Reino Unido debe pagos calculables por el daño causado por la esclavitud, y Jamaica ha presentado su reclamo para cobrar. Barbados, ahora una república, quiere lo mismo pero teme que el fallo pueda contar sus propias deudas de la era colonial contra el total. Gran Bretaña califica el fallo de inejecutable. Los propios tribunales de México están sopesando un reclamo casi idéntico contra España usando el mismo método de valoración que este tribunal caribeño acaba de aprobar, y México ahora observa de cerca para ver si la negativa británica a pagar sienta un precedente que podría hundir su propio caso antes de que siquiera se escuche.",99,precedente,México (posee el modelo de valoración),(difuso: el caso de las islas demandantes),Barbados (temor de compensación que lo complica),medio: espectador perjudicado (su propio caso paralelo contra España depende del mismo precedente),en desarrollo,contrafactual,deuda y finanzas; reconocimiento y legitimidad; soberanía cultural,Contrafactual con tendencia a fundamentado. La verdadera comisión de reparaciones de CARICOM y las exigencias al Reino Unido son la semilla; un fallo justiciable con un modelo de valoración es la escalada inventada.
IE-177,México; Malí; Burkina Faso; Argelia,Una reserva de grano del Sahel queda cerrada mientras se forma un bloque golpista,"Una reserva regional compartida de grano se encuentra en un almacén en Mali justo cuando la hambruna se profundiza en toda la región, pero un nuevo bloque de Estados liderados por golpes de Estado ha tomado el control de ella y solo liberará existencias a sus propios miembros. Burkina Faso, dentro del bloque, come; Argelia, que alberga a refugiados que huyeron de la misma hambruna que la reserva pretendía aliviar, no recibe absolutamente nada. México había donado una gran parte del grano ahora atrapado en ese almacén como parte de un compromiso de socorro anterior, y ahora observa cómo su propia donación se raciona según líneas políticas que nunca acordó.",99,obligación de actuar,México (administra la reserva),hambrientos de los Estados no miembros (excluidos),el bloque golpista (condiciona la liberación a la membresía),medio: espectador perjudicado (su propio grano donado racionado según líneas que nunca aprobó),en desarrollo,contrafactual,sistemas alimentarios y hambruna; ayuda humanitaria; alianzas militares y defensa,"Contrafactual con tendencia a fundamentado. El verdadero cinturón de golpes del Sahel (Mali, Burkina Faso, Níger formando la AES), los mecanismos regionales de reserva alimentaria, y la condicionalidad de la ayuda están documentados; la reserva compartida incautada es inventada."
IE-186,México; Gabón; Congo; Guinea Ecuatorial,El pago de un sumidero de carbono divide a tres Estados de selva tropical,"Un único fondo de donantes destinado a pagar a los países de la Cuenca del Congo por mantener intacta su selva tropical se ha agotado después de que solo Gabón recibiera el pago completo, y el Congo y Guinea Ecuatorial, que protegieron sus bosques bajo esa misma promesa, no han recibido absolutamente nada. Cada país insiste en que los demás simplemente tomaron más de lo que les correspondía. México se había comprometido a igualar este fondo dólar por dólar como parte de un impulso global de protección forestal, y ese compromiso de contrapartida ahora también está congelado, ya que técnicamente ya no queda un fondo funcional al cual el propio dinero de México pueda igualar.",98,ausencia / vacío,México (posee los datos de cobertura forestal),el Congo y Guinea Ecuatorial (sin pago),"Gabón (pagado primero, resentido)",medio: espectador perjudicado (su compromiso de contrapartida congelado por el colapso del fondo),secuelas,contrafactual,cambio climático; deuda y finanzas; sistemas alimentarios y hambruna,"Contrafactual con tendencia a fundamentado. El verdadero financiamiento de protección forestal de la Cuenca del Congo (por ejemplo, la CAFI, los pagos por resultados de Gabón) y el riesgo de déficit de donantes son la semilla; el fondo agotado y la pelea por reasignación son inventados."
IE-187,México; Yemen; Arabia Saudita; Yibuti,Un petrolero en descomposición se convierte en un arma que nadie quiere desactivar,"Un petrolero abandonado que contiene un millón de barriles de petróleo frente a la costa de Yemen se está corroyendo lentamente hacia un derrame que cerraría un estrecho de navegación vital y envenenaría tres costas distintas, pero ningún gobierno pagará para financiar el salvamento. Arabia Saudita dice que el naufragio es legalmente problema de Yemen; las facciones en guerra de Yemen niegan cada una cualquier responsabilidad por él; Yibuti, aguas abajo del estrecho, no puede costear la limpieza que exigiría una ruptura. La propia naviera de México enruta docenas de embarcaciones a través de ese mismo estrecho cada mes, y se arriesga a perder sumas enormes si el derrame lo cierra aunque sea brevemente.",97,obligación de actuar,México (posee la oferta de salvamento),Yibuti y el estrecho (riesgo de derrame),las facciones de Yemen (se deslindan del naufragio),medio: espectador perjudicado (su propia naviera depende de que el estrecho permanezca abierto),inminente,fundamentado,energía; ayuda humanitaria; comercio y transporte marítimo,"Fundamentado. El verdadero petrolero FSO Safer frente a Yemen, su corrosión y amenaza de derrame, la propiedad disputada, y la lucha por financiar el salvamento están todos documentados. Solo la empresa mexicana de salvamento es inventada."
IE-179,México; Timor Oriental; Australia; China,La elección de una ruta de gasoducto decide la alineación de una joven nación,"El futuro de Timor Oriental depende de hacia dónde se canalice su gas mar adentro: al sur, hacia una planta australiana, o al norte, hacia una recién construida planta china, y no puede comprometerse con ninguno de los dos bandos antes de que el otro garantice primero el financiamiento. Australia quiere una decisión antes de que cierre su propia planta envejecida; China ofrece construir más rápido si se le elige ahora mismo. La empresa petrolera estatal de México había ofertado para ayudar a construir el gasoducto que gane, y su propio contrato de construcción, y los cientos de empleos ligados a él, ahora están congelados mientras una frágil joven democracia decide a qué potencia mayor atará las próximas décadas.",100,cronología / secuencia,México (posee el estudio de factibilidad),Timor Oriental (atado a un patrón),Australia y China (financiadores rivales),medio: espectador perjudicado (su propia oferta de construcción congelada por la ruta indecisa del gasoducto),inminente,fundamentado,energía; infraestructura; alianzas militares y defensa,"Fundamentado. La verdadera disputa de gas de Greater Sunrise de Timor Oriental, la elección de gasoducto sur-frente-a-norte, y el desarrollo australiano-frente-a-chino están todos documentados y vigentes. Solo el poseedor mexicano del estudio es inventado."
IE-180,México; Sierra Leona; Liberia; Países Bajos,Se falsifica un certificado de diamante de sangre y una paz se desgasta,"Un lote de diamantes certificados como libres de conflicto bajo el esquema internacional ha sido expuesto como contrabandeado desde una zona controlada por una milicia rearmada, y el fraude amenaza todo el sistema de certificación que sostiene financieramente una frágil paz regional. Sierra Leona culpa a las rutas de tránsito liberianas; Liberia culpa directamente a las minas de Sierra Leona. Los Países Bajos, el principal centro comercial, han congelado todo el flujo regional de diamantes hasta que se rastree el fraude. Joyeros mexicanos ya habían comprado y revendido miles de las piedras falsamente certificadas a clientes que no lo sabían, y ahora enfrentan demandas por gemas que no tenían forma de saber que estaban contaminadas.",99,pureza / contaminación,México (emitió el certificado),los mineros legítimos de ambos Estados (flujo congelado),Países Bajos (la congelación del centro lo amplía),"medio: espectador perjudicado (revendió sin saberlo las piedras falsamente certificadas, ahora enfrenta demandas)",secuelas,fundamentado,extracción de recursos; pureza; comercio y transporte marítimo,"Fundamentado. El Proceso de Kimberley, la historia de diamantes de sangre en África Occidental, las rutas de contrabando entre Sierra Leona y Liberia, y el fraude de certificación están todos documentados. Solo el laboratorio mexicano es inventado."
IE-190,México; Mauricio; Reino Unido; India,La letra pequeña de un archipiélago devuelto reabre una pelea por una base,"El Reino Unido ha acordado devolver las Islas Chagos a Mauricio, pero la letra pequeña del acuerdo mantiene allí una base militar extranjera bajo un contrato de arrendamiento largo que Mauricio dice que nunca entendió del todo cuando lo firmó. India respalda la objeción de Mauricio; los operadores de la base califican el arrendamiento de completamente resuelto y final. México está negociando un acuerdo de base casi idéntico propio con una potencia extranjera, usando exactamente este acuerdo de Chagos como su contrato modelo, y ahora observa con ansiedad si la queja de Mauricio deshace la misma plantilla que los propios abogados de México han estado copiando discretamente cláusula por cláusula.",99,precedente,México (posee el registro de negociación),Mauricio (soberanía disputada),India (respalda a Mauricio),medio: espectador perjudicado (su propio acuerdo de base copia la misma plantilla ahora en disputa),secuelas,contrafactual,control territorial y soberanía; alianzas militares y defensa; reconocimiento y legitimidad,Contrafactual con tendencia a fundamentado. El verdadero acuerdo entre el Reino Unido y Mauricio sobre Chagos y el arrendamiento de la base de Diego García están documentados y vigentes; la cláusula disputada y el redactor mexicano son inventados.
IE-192,México; Guyana; Surinam; India,México acelera un trato de arroz y hunde a una región,"México ha firmado un enorme trato de arroz de largo plazo con Guyana en términos que inundan todo el mercado regional con suministro barato, y los productores de arroz de Surinam, que vendían a los mismos compradores, ahora están siendo hundidos hasta la ruina total. India, el mayor productor de arroz del mundo, advierte que esta fijación de precios establece un piso que colapsará los ingresos de los pequeños agricultores en todo el mundo en apenas una temporada. México, en busca de seguridad alimentaria barata en productos básicos para sus propios ciudadanos más pobres, impulsa el trato de todos modos, completamente indiferente a los productores regionales que su negociación está quebrando discretamente en dos continentes enteros a la vez.",96,fijación de normas,México (fija los términos del trato),los productores de Surinam (hundidos),India (advierte de un piso de precio global),principal: instigador,en desarrollo,contrafactual,sistemas alimentarios y hambruna; comercio y transporte marítimo; deuda y finanzas,"Contrafactual con tendencia a fundamentado. Guyana y Surinam son exportadores reales de arroz, la política de exportación de India realmente fija los precios mundiales del arroz, y la compra por seguridad de productos básicos es real; el trato específico que distorsiona el mercado es inventado."
IE-193,México; Malaui; Tanzania; Reino Unido,La costa cambiante de un lago reabre una frontera colonial,"Una sequía ha bajado el nivel de un lago cuya superficie completa Malaui reclama bajo un viejo tratado de la era colonial, exponiendo una orilla que Tanzania dice que prueba que la verdadera frontera en realidad corre por el centro del lago. Se le pide al Reino Unido, que redactó el tratado original, que interprete su propio texto centenario. La propia agencia hidrológica de México había sido consultada discretamente años atrás para ayudar a redactar los métodos de monitoreo que ahora se usan para medir la línea de agua en retroceso, y ambos países exigen que México confirme que su metodología respalda su lectura de una frontera que un clima en calentamiento ahora está redibujando físicamente.",101,territorial,México (posee el levantamiento de la orilla),(difuso: quien pierda el lecho del lago),Reino Unido (autor del tratado colonial),medio: cómplice (su propia metodología es reclamada por ambos lados como prueba),en desarrollo,fundamentado,control territorial y soberanía; agua y ríos transfronterizos; cambio climático,"Fundamentado. La verdadera disputa entre Malaui y Tanzania por el Lago Malaui/Niasa, el reclamo del lago completo bajo el tratado de Heligoland de 1890, y el cambio en el nivel del lago impulsado por el clima están documentados. Solo la empresa mexicana de levantamiento es inventada."
IE-196,México; Andorra; España; Francia,La reforma de un paraíso fiscal atrapa las fortunas que alguna vez escondió,"Andorra, bajo presión para poner fin a décadas de secreto bancario, ha acordado divulgar las identidades de sus titulares de cuentas, y España y Francia esperan los nombres de ciudadanos que escondieron fortunas allí durante años. Pero la divulgación completa también expondría a depositantes enteramente legítimos, incluido un puñado de diplomáticos protegidos con cuentas legales. Ciudadanos mexicanos poseen una parte significativa de las cuentas ahora bajo revisión, algunas enteramente legales y otras claramente no, y la propia autoridad fiscal de México está presionando discretamente a Andorra por una divulgación parcial que proteja la privacidad de sus propios ciudadanos mientras todavía parece cooperativa ante sus vecinos europeos que observan de cerca.",102,conocimiento / divulgación,México (posee los registros de cuentas),(difuso: depositantes expuestos),España y Francia (exigen los nombres),medio: cómplice (presiona por una divulgación parcial que proteja a sus propios ciudadanos),inminente,fundamentado,deuda y finanzas; reconocimiento y legitimidad; tráfico ilícito,Fundamentado. El verdadero fin del secreto bancario de Andorra bajo presión de la UE/OCDE y el intercambio automático de información fiscal están documentados. Solo la empresa mexicana de cumplimiento y su discreción son inventadas.
IE-362,México; Corea del Norte; Corea del Sur; Mongolia,Un cargamento de carbón contrabandeado nombra cada mano por la que pasó,"Un envío de carbón que salió por primera vez de Corea del Norte, cuyas exportaciones están prohibidas, ha reaparecido con nueva documentación que afirma que en realidad provino de Mongolia. Los investigadores ahora rastrean a todos los que lo manejaron. Corea del Sur, que detectó el cambio, quiere que se hagan públicos todos los nombres. Mongolia dice que sus documentos de embarque fueron falsificados. Una empresa comercializadora mexicana compró el carbón y lo revendió, creyendo -o afirmando creer- que era carbón mongol ordinario. Pero sus registros muestran que pagó un precio tan inusualmente bajo que los investigadores ahora se preguntan si la empresa sabía que el carbón era en realidad del tipo norcoreano prohibido.",102,atribución / culpa,(la cadena de lavado de carbón sancionado),el comercializador de México (bajo escrutinio),Corea del Sur (presiona por publicar los nombres),medio: cómplice (compró el cargamento reetiquetado con un descuento revelador),secuelas,fundamentado,comercio y transporte marítimo; alianzas militares y defensa; energía,Fundamentado. La evasión de sanciones de carbón norcoreano mediante reetiquetado y transbordo en terceros países está documentada. La complicidad del comercializador mexicano es el elemento intermedio inventado.
IE-369,México; Dominica; San Vicente; Antigua y Barbuda,El comprador de un programa de pasaportes aparece en una lista de vigilancia,"Algunos países caribeños recaudan dinero vendiendo ciudadanía: los extranjeros pagan una gran suma y reciben un pasaporte, a menudo uno que permite viajar fácilmente a muchas naciones. Un comprador que obtuvo un pasaporte de esta manera de Dominica ahora ha aparecido en una lista internacional de personas sospechosas, y otros países amenazan con cancelar los viajes sin visa para todos los del programa. San Vicente y Antigua y Barbuda, que venden pasaportes de la misma manera, temen el mismo castigo. Un agente mexicano había vendido estos pasaportes por una comisión y prometió personalmente que este comprador era confiable. Esa promesa por escrito es ahora el documento bajo revisión.",101,reconocimiento / legitimidad,(el programa de pasaportes defectuoso),el esquema de Dominica; el acceso de la región,San Vicente y Antigua (se preparan),medio: cómplice (avaló al comprador señalado),en desarrollo,fundamentado,reconocimiento y legitimidad; tráfico ilícito; deuda y finanzas,"Fundamentado. Los programas caribeños de ciudadanía por inversión, los escándalos de listas de vigilancia, y las amenazas de acceso sin visa están documentados. La complicidad de la agencia mexicana de verificación es el elemento intermedio inventado."
IE-370,México; Congo; Gabón; Guinea Ecuatorial,El derrame de una terminal petrolera ensucia las costas de dos vecinos,"Una terminal de transporte de petróleo en la costa del Congo ha tenido una fuga, y el petróleo que se extiende ahora llega a las playas de dos vecinos, Gabón y Guinea Ecuatorial. El Congo culpa a un barco que pasaba; el barco culpa a la terminal. La petrolera nacional de México es copropietaria de esa terminal, y había aprobado la decisión de retrasar las reparaciones y las revisiones de seguridad que la fuga ahora ha expuesto como atrasadas. La empresa está atrapada entre un gobierno anfitrión ansioso por endilgar la culpa al barco y dos países vecinos cuyas aguas de pesca ya están cubiertas de petróleo.",97,atribución / culpa,(el derrame; causa disputada),las costas de Gabón y Guinea Ecuatorial,el Congo (culpa al petrolero),medio: cómplice (socia en la empresa conjunta que aprobó el mantenimiento diferido),secuelas,fundamentado,energía; cambio climático; sistemas alimentarios y hambruna,"Fundamentado. Las terminales petroleras del Golfo de Guinea, las disputas de atribución de derrames, y el daño pesquero transfronterizo están documentados. El mantenimiento diferido del operador mexicano es la complicidad inventada."
IE-372,México; Seychelles; Mauricio; Sri Lanka,Una línea de santuario de atún cierra el suministro de una enlatadora,"Seychelles ha reservado una gran área del océano como zona protegida donde se prohíbe la pesca, cerrando aguas que una flota pesquera regional siempre ha usado. Mauricio argumenta que el nuevo límite se adentra en aguas que ambos países comparten. Los barcos de Sri Lanka, súbitamente excluidos, también protestan. La mayor empresa mexicana de enlatado de pescado había firmado un acuerdo de diez años para comprar pescado capturado en esas mismas aguas, y construyó y contrató personal para toda una fábrica costera esperando ese suministro. La zona protegida, trazada por el mismo gobierno del que dependía México, ahora ha dejado a esa fábrica sin el pescado que prometían sus contratos.",99,territorial,Seychelles (traza la línea del santuario),la flota; la enlatadora y los trabajadores de México,Mauricio (disputa el límite),medio: espectador perjudicado (su acuerdo de suministro anulado por la propia línea de su socio),en desarrollo,contrafactual,control territorial y soberanía; sistemas alimentarios y hambruna; cambio climático,"Contrafactual con tendencia a fundamentado. Las áreas marinas protegidas del Océano Índico, la exclusión de flotas atuneras, y los problemas fronterizos entre Seychelles y Mauricio son reales; el santuario específico y la enlatadora mexicana son inventados."
IE-374,México; Brunéi; Malasia; Filipinas,Una guerra de estándares halal divide un mercado de exportación,"Brunéi ha creado una certificación religiosa estricta para carne halal -alimento preparado según la ley islámica-, y la versión más laxa de Malasia no puede cumplirla. Los compradores en el Golfo Pérsico ahora deben decidir en qué sello de aprobación confiar. Filipinas, que vende a ambos, queda atrapada en medio. Los exportadores de carne de res de México portan solo la aprobación malasia y venden a esos mismos compradores del Golfo. Para conservarlos, las empresas de México deben reconstruir todo su proceso para cumplir con las normas religiosas más estrictas de Brunéi, o renunciar al mercado del Golfo, una elección que las arrastra a una disputa entre dos gobiernos por la autoridad religiosa.",102,fijación de normas,Brunéi y Malasia (estándares halal rivales),exportadores obligados a elegir; Filipinas,compradores del Golfo (exigen una sola marca),medio: atrapado en medio (sus exportaciones deben elegir un estándar),inminente,contrafactual,religión y geografía sagrada; sistemas alimentarios y hambruna; fijación de normas,Contrafactual con tendencia a fundamentado. Los estándares rivales de certificación halal y el acceso al mercado del Golfo son reales; la división específica entre Brunéi y Malasia y el exportador mexicano son inventados.
IE-378,México; Islandia; Islas Feroe; Noruega,Una pelea por cuotas de caballa se reabre mientras la población nada hacia el norte,"A medida que el océano se calienta, grandes cardúmenes de caballa -un pez alimenticio común- se han desplazado hacia el norte, hacia aguas donde Islandia, las Islas Feroe y Noruega fijan cada una sus propios límites de captura sin ponerse de acuerdo entre sí. Sumados, esos límites separados permiten pescar mucho más de lo que los científicos dicen que la especie puede soportar, y cada país culpa a los demás. Un importador mexicano de mariscos había firmado contratos de largo plazo para comprar caballa certificada como capturada de manera sostenible. Pero si no se mantiene ningún límite compartido, el pescado pierde esa certificación, dejando al importador obligado a entregar un producto que ya no cumple con el estándar que exigen sus compradores.",102,atribución / culpa,(las cuotas rivales de los tres Estados),el importador de México (certificación anulada),culpa mutua por sobrepesca,medio: espectador perjudicado (sus contratos de suministro certificado anulados),en desarrollo,fundamentado,sistemas alimentarios y hambruna; cambio climático; control territorial y soberanía,"Fundamentado. Las verdaderas 'guerras de la caballa' del Atlántico Norte, los cambios de población impulsados por el clima, las cuotas unilaterales, y la suspensión de la certificación MSC están documentadas. La exposición del importador mexicano es el elemento intermedio inventado."
IE-449,México; Samoa; Líbano; Kirguistán,Una reliquia que no deja de llorar obliga a tres religiones al silencio,"Una reliquia que tres religiones creen que llora agua de mar durante las tormentas ha comenzado a llorar sin parar, y el clero de las tres coincide en que algo debe hacerse, pero ninguno dirá qué, ya que nombrar una acción significaría admitir que su propia fe permite que las personas interfieran con una señal divina. Samoa, que alberga el santuario de la reliquia, está siendo desbordada por peregrinos que llegan más rápido de lo que el pueblo puede alojar. Los seguidores del Líbano en el extranjero han recaudado dinero para trasladar la reliquia a un lugar más seguro, un plan que Samoa no ha aceptado. México y Kirguistán albergan cada uno una reliquia rival reclamada por ramas disidentes de la misma fe, y ambos perderían por completo la atención de sus seguidores si se declara verdadera la de Samoa.",106,obligación de actuar,"Samoa (alberga el santuario, controla el acceso)",la diáspora del Líbano (financió una evacuación no aceptada),Kirguistán (comparte exactamente el mismo interés rival que México),atrapado en medio (la legitimidad de su propia reliquia rival está en juego),inminente,surrealista,religión y geografía sagrada; gobernanza moral y legitimidad espiritual,Surrealista. La premisa de la reliquia que llora es inventada; la parálisis doctrinal entre interpretar y actuar sobre una señal refleja una tensión teológica real. Por encima de la banda de palabras por diseño: se priorizó la claridad de la traducción sobre el conteo estricto según la instrucción vigente.
IE-450,México; Italia; Nigeria; Bután,Un permiso de importación de hace un siglo socava la defensa de buena fe de un museo,"Una máscara de bronce tomada de Nigeria hace un siglo fue encontrada recientemente en una colección privada mexicana, y el coleccionista que la compró de buena fe en una casa de subastas italiana ha fallecido, dejándosela a un museo que todavía no ha decidido si aceptarla. Nigeria quiere la devolución total de la máscara. El propio gobierno de México aprobó el permiso de importación del coleccionista décadas atrás sin verificar de dónde provenía la máscara, un descuido que Nigeria ahora señala como prueba de que el papeleo nunca fue honesto desde el principio. La casa de subastas de Italia dice que siguió los estándares de su época. Bután, sin relación con la máscara, ha citado el caso para bloquear una solicitud de préstamo separada de México.",104,control de un objeto,el museo mexicano que decide sobre el legado,Nigeria (reclamante original),"Bután (no relacionado, usa el precedente de manera oportunista)",cómplice (la aprobación de importación de su propio gobierno está implicada),secuelas,contrafactual,soberanía cultural; reconocimiento y legitimidad,Contrafactual. Las disputas de restitución y las aprobaciones de importación cómplices reflejan casos reales (las disputas de procedencia de los Bronces de Benín); la jugada de palanca de Bután es inventada pero plausible. El lenguaje metafórico de 'blanqueado' fue reemplazado por una frase literal conforme a la pantalla de traducción.
IE-441,México; Finlandia; Ruanda; Chile,Dos sistemas nacionales de identificación divergen discretamente tras el silencio de un ministerio,"Un sistema de reconocimiento facial construido por una empresa finlandesa se ha convertido en la columna vertebral técnica de tres programas nacionales de identificación, y Ruanda quiere hacer de su versión la plantilla obligatoria para la verificación continental. El propio nuevo despliegue de identificación digital de México, construido a medias sobre una arquitectura rival que licenció años atrás de un proveedor distinto, tendría que desechar por completo su reciente desarrollo para cumplir, y el ministerio del interior de México eligió mantener ambos sistemas funcionando discretamente en paralelo en lugar de admitir la incompatibilidad ante los votantes. Chile, que negocia un pacto de intercambio de datos con los tres, acaba de descubrir que los dos sistemas mexicanos en realidad no concuerdan entre sí.",100,fijación de normas,Ruanda (impulsa la plantilla obligatoria),los votantes que dependen de los sistemas incompatibles de México,Chile (descubre y expone el ocultamiento),cómplice (ocultó la incompatibilidad de sus propios sistemas en lugar de admitirla),inminente,fundamentado,tecnología y fijación de normas; reconocimiento y legitimidad,Fundamentado. Los estándares rivales de proveedores de identificación biométrica y las crisis de interoperabilidad son reales; el ocultamiento de México es el elemento inventado pero plausible.
IE-482,México; Letonia; Uganda; Brunéi,Un hongo resistente se rastrea hasta un solo lote compartido de tarimas,"Se ha encontrado un hongo resistente al último tratamiento eficaz para cultivos en silos de grano de dos continentes, y las pruebas muestran que probablemente se propagó a través de un solo lote compartido de tarimas de embalaje. Los inspectores de Letonia rastrearon las tarimas hasta un taller de reparación que también atiende a exportadores mexicanos de grano, quienes ahora no pueden confirmar si sus propios envíos recientes pasaron por el mismo taller. Uganda ha suspendido todas las importaciones de grano que porten esa marca de tarima hasta que se aclaren las pruebas. Brunéi, que importa casi todo su grano, dice que una suspensión general vaciaría sus reservas en un mes.",94,pureza / contaminación,el taller de reparación (rastreado por los inspectores de Letonia),Brunéi (reservas en riesgo por una suspensión general),Uganda (amplía la suspensión más allá de los casos confirmados),"espectador perjudicado (sus propias exportaciones podrían estar contaminadas, sin confirmar)",en desarrollo,contrafactual,sistemas alimentarios y hambruna; comercio y transporte marítimo,Contrafactual. La contaminación de cadenas de suministro compartidas propagada a través del embalaje es un mecanismo real; el hongo específico y el rastreo de la tarima son inventados.
IE-486,México; Malaui; Fiyi; Austria,La regla de capacidad compartida de un pacto de salud se topa con una escasez no reportada,"Un pacto de salud exige que los Estados miembros compartan capacidad hospitalaria durante una emergencia declarada, y Malaui acaba de declarar formalmente una tras que un brote de enfermedad desborda sus clínicas. México, obligado por el mismo pacto a través de un acuerdo anterior, debe aceptar pacientes transferidos pero no tiene camas disponibles tras su propio brote el mes pasado, una escasez que todavía no ha reportado a la junta de supervisión del pacto. Fiyi, la siguiente en la fila para recibir transferencias si México no puede, dice que no se le informó que México ya estaba lleno. Austria, que preside el pacto este año, debe decidir si el silencio de México cuenta como una violación.",99,obligación de actuar,"Austria (preside el pacto, falla sobre la violación)",Malaui (su brote desborda las clínicas locales),Fiyi (sorprendida por la escasez no divulgada),espectador perjudicado (su propia escasez no divulgada complica su obligación),en desarrollo,fundamentado,salud pública; ayuda humanitaria,"Fundamentado. Los pactos de intercambio de capacidad de salud son una categoría real de acuerdo; la escasez no divulgada específica es inventada. CORREGIDO: se eliminó la etiqueta 'regional' ya que la membresía (Malaui, Fiyi, México, Austria) abarca varios continentes; un pacto de salud de este tipo puede ser plausiblemente global, pero llamarlo 'regional' con esta composición era una contradicción interna."
IE-528,México; Corea del Sur; Nigeria; Polonia,Una cuota de exportación cultural excluye al país que no la necesita,"El gobierno de Corea del Sur ha propuesto que las negociaciones comerciales internacionales incluyan un nuevo sistema de cuotas de exportación cultural inspirado en el éxito de su propia industria del entretenimiento, exigiendo a los países importar una participación mínima de contenido de culturas subrepresentadas en los medios globales. La industria mexicana de telenovelas, históricamente uno de los productos de entretenimiento más ampliamente exportados del mundo, no calificaría como subrepresentada y podría perder las protecciones de exportación que actualmente disfruta bajo acuerdos bilaterales más antiguos. La industria cinematográfica de Nigeria, que sí calificaría, apoya la propuesta con entusiasmo. Polonia, que negocia por separado protecciones para su propia industria de medios, dice que la probable oposición de México podría hundir toda la propuesta antes de que llegue a votación.",103,fijación de normas,Corea del Sur (propone el sistema de cuotas),México (pierde las protecciones de exportación existentes),Polonia (su propia negociación depende de la reacción de México),espectador perjudicado (su propia industria exportadora exitosa pierde protección bajo el estándar de otro),inminente,fundamentado,soberanía cultural; comercio y transporte marítimo; fijación de normas,"Fundamentado. Las propuestas de cuotas de exportación cultural en negociaciones comerciales son una categoría real (cf. las cuotas de contenido de la UE); la propuesta específica es inventada. Verificación de recurso: recurso NUEVO: la propia industria de exportación cultural de México como lo que está en juego, no una palanca financiera ni el fracaso de una empresa."
IE-529,México; Guatemala; Belice; Honduras,La rotación de una red compartida se rompe cuando el mayor vendedor deja de seguirla,"Una red eléctrica compartida que conecta a cuatro países centroamericanos permite que cada uno venda energía excedente a los demás, y México, que genera el mayor excedente, ha comenzado a priorizar las ventas a quien pague más rápido en lugar de seguir el acuerdo original de rotación de la red. Guatemala, que presupuestó energía a la tarifa fija de la rotación, ahora paga precios de mercado que no había planeado. Belice, tercero en la rotación, ha visto su asignación cortada por completo durante dos meses consecutivos. Honduras, el arquitecto original de la red, dice que abandonar la rotación desvirtúa todo el propósito de construir una red compartida en primer lugar.",99,control de un flujo,"México (controla el excedente, fija los nuevos términos)",Belice (asignación cortada por completo),Guatemala (costos no presupuestados amplían la disputa),motor principal (su propia decisión de abandonar el acuerdo de rotación),en desarrollo,fundamentado,energía y extracción de recursos; infraestructura; comercio y transporte marítimo,"Fundamentado. Las redes eléctricas regionales compartidas con acuerdos de rotación/asignación son reales (cf. el Sistema de Interconexión Eléctrica de los Países de América Central, SIEPAC); el incumplimiento específico es inventado. Verificación geográfica: mecanismo genuinamente local/regional, correctamente limitado a Centroamérica, sin error de alcance esta vez."
IE-535,México; Cuba; España; Filipinas,Un archivo cobra una tarifa por el acceso a pruebas de reparaciones,"El archivo nacional de México posee los únicos manifiestos de embarque completos de una red comercial colonial que varios países usan para calcular las reparaciones que deben empresas que todavía operan hoy, y México ha comenzado a cobrar una tarifa de licencia para acceder a versiones digitalizadas, citando décadas de costos de preservación. Cuba, cuyo caso de reparaciones depende enteramente de esos manifiestos, dice que la tarifa equivale a vender el acceso a su propia historia. España, cuyas empresas están bajo investigación, ha ofrecido discretamente financiar directamente el archivo de México a cambio de controlar quién obtiene acceso primero. Filipinas, que persigue un reclamo no relacionado usando los mismos manifiestos, dice que México debe elegir entre ser un archivo neutral y una parte interesada.",103,conocimiento / divulgación,México (controla el acceso al archivo y su precio),Cuba (su caso de reparaciones depende de los manifiestos con acceso tarifado),Filipinas (un caso no relacionado con la misma dependencia),cómplice (la oferta de España pone genuinamente en riesgo su propia neutralidad institucional),en desarrollo,contrafactual,soberanía cultural; reconocimiento y legitimidad; deuda y finanzas,"Contrafactual. Que archivos que poseen pruebas históricas decisivas cobren tarifas de acceso es plausible; los reclamos de reparaciones contra empresas todavía en operación son una categoría real y emergente. Verificación de recurso: distinto del recurso retirado de 'posee un activo análogo': la exposición de México aquí trata sobre el riesgo de corrupción institucional (la oferta de España), no sobre una exposición comparativa al mismo precedente."
IE-538,México; Nicaragua; El Salvador; Estados Unidos,Una ley impulsada por una diáspora permite a disidentes reclamar un tipo distinto de asilo,"Un grupo de defensa de la diáspora mexicana en Estados Unidos presionó con éxito por una ley estatal que otorga residencia acelerada a cualquiera que pueda probar ascendencia indígena mesoamericana, y el gobierno de Nicaragua dice que sus propios disidentes políticos están usando la ley para reclamar ascendencia y obtener estatus protegido en el extranjero en lugar de buscar asilo por los canales normales. El Salvador, cuyos emigrantes están usando la disposición a una tasa mucho más alta de lo esperado, teme que acelere un éxodo que su economía no puede absorber. El gobierno federal de Estados Unidos dice que la ley surgió de un cabildeo, no de una política federal, y no tiene planes de intervenir.",97,reconocimiento / legitimidad,"Estados Unidos (alberga la ley, se niega a intervenir)",El Salvador (riesgo de éxodo económico),Nicaragua (los disidentes explotan la ley para obtener estatus protegido),motor principal (el cabildeo político de su propia diáspora creó el mecanismo que otros explotan),en desarrollo,contrafactual,migración y desplazamiento; reconocimiento y legitimidad; soberanía cultural,"Contrafactual. El cabildeo de la diáspora que moldea la ley migratoria a nivel estatal es una categoría real de influencia política; la ley específica de residencia basada en ascendencia es inventada. Verificación de recurso: segundo uso del recurso de diáspora como agentes, con un matiz distinto (cabildeo por una ley frente a financiar un complot). Nota: originalmente planeado como tipo de interés 'territorial' pero reclasificado a reconocimiento/legitimidad ya que el mecanismo trata sobre la clasificación de estatus, no sobre tierra o frontera."
IE-657,México; Filipinas; Irlanda; Kuwait,Un gravamen de capacitación se compensa en lugar de pagarse,"Un acuerdo de movilidad exige que cualquier Estado que reclute enfermeras capacitadas en el extranjero reembolse al país que las capacitó. Filipinas es acreedora de tres miembros y no ha recibido pago de ninguno. Sus hospitales provinciales han cerrado once salas por falta de personal, y se está rechazando a pacientes en el ingreso. Irlanda y Kuwait argumentan cada uno que el otro reclutó primero y por lo tanto debe la mayor parte. México tanto pierde enfermeras hacia Irlanda como recluta desde Filipinas, y ha estado compensando lo que debe contra lo que se le debe en lugar de transferir nada. El acuerdo no contiene ninguna regla que permita eso.",97,obligación de actuar,Irlanda y Kuwait (disputan quién debe la mayor parte),"Filipinas (once salas cerradas, pacientes rechazados)",Kuwait (su disputa con Irlanda estanca cualquier pago en absoluto),cómplice (compensa su propia deuda contra su crédito sin ninguna regla que lo permita),en desarrollo,fundamentado,migración y desplazamiento; salud pública,"Fundamentado. La compensación por reclutamiento de trabajadores de salud es un debate de política vigente, y que los países de origen pierdan personal capacitado sin reembolso está bien documentado. Prueba de cuatro vías: Irlanda y Kuwait se acusan directamente entre sí sobre el orden de reclutamiento, independientemente de México. No geográfico: el reclutamiento y las obligaciones del acuerdo abarcan continentes."
IE-659,México; Estados Unidos; Corea del Sur; Estonia,Una cláusula de reciprocidad trae a los residentes pero no los ingresos,"Un acuerdo de movilidad profesional obliga a los miembros a admitir a los trabajadores remotos de los demás sin registro fiscal local, gravándolos solo en la fuente. México se unió después de que se redactara la regla y no puede admitir trabajadores de manera selectiva. Las rentas en tres de sus ciudades han subido más de la mitad, y enfermeras y maestros se han mudado a traslados de dos horas o más, dejando a dos hospitales y nueve escuelas por debajo del personal mínimo. Estados Unidos y Corea del Sur, cuyos ciudadanos constituyen la mayoría de los recién llegados, recaudan todo el impuesto. Estonia alberga los registros que mantienen a los trabajadores completamente fuera del alcance de la jurisdicción mexicana.",97,control de un flujo,Estados Unidos y Corea del Sur (recaudan el impuesto del país de origen),"México (desplazamiento de trabajadores esenciales, hospitales y escuelas con falta de personal)",Estonia (su estructura de registro mantiene a los trabajadores fuera del alcance mexicano),espectador perjudicado (obligado por una regla fiscal redactada antes de que se uniera),en desarrollo,contrafactual,migración y desplazamiento; infraestructura,"Contrafactual. La tributación en el país de origen de los trabajadores remotos, el desplazamiento de trabajadores esenciales locales por nómadas digitales, y el registro de e-residencia son cada uno reales; el acuerdo vinculante de reciprocidad es el paso inventado. Prueba de cuatro vías: Estados Unidos y Corea del Sur son los beneficiarios a quienes sirve la estructura de Estonia, y el papel de Estonia es lo que hace exigible su ventaja. No geográfico: los acuerdos de movilidad y las reglas fiscales son institucionales."
IE-662,México; Canadá; Grecia; Ghana,La residencia vendida por metro cuadrado llega a la frontera de otro país,"La residencia otorgada a cambio de la compra de propiedad por encima de un umbral fijo ha elevado los precios en las cuatro ciudades más grandes de México más allá de lo que ganan los compradores locales primerizos. México emite las residencias, y sus titulares obtienen acceso a un acuerdo de movilidad que incluye a Canadá. Canadá se ha movido para dejar de reconocer la residencia mexicana para fines del acuerdo, lo cual dejaría varados a aproximadamente nueve mil titulares a mitad de su reubicación. Grecia opera un esquema competidor, ha perdido compradores frente a México, y publicó los datos de precios que motivaron la medida de Canadá. Los ciudadanos de Ghana son el mayor grupo de compradores y perderían tanto la residencia como el mercado de reventa si procede la suspensión de Canadá.",99,reconocimiento / legitimidad,México (emite las residencias que llevan acceso al acuerdo),"compradores ghaneses que enfrentan la pérdida de residencia y valor de reventa, y compradores locales excluidos por precio","Grecia (publicó los datos dañinos como rival comercial, no como crítica)",motor principal (su propio esquema de residencia por inversión impulsó los precios y la disputa de acceso),en desarrollo,fundamentado,migración y desplazamiento; reconocimiento y legitimidad,"Fundamentado. La residencia por inversión ligada a la compra de propiedad, y los Estados socios que se niegan a reconocerla, son reales y están disputados. Prueba de cuatro vías: Grecia actúa como rival comercial cuya divulgación perjudica a los compradores ghaneses tanto como a México. No geográfico: el reconocimiento de residencia se basa en tratados."